Using pre-set license
Built from '2021.3/china_unity/release' branch; Version is '2021.3.45f2c1 (8058fe21db2f) revision 8411390'; Using compiler version '192829333'; Build Type 'Release'
OS: 'Windows 11  (10.0.26200) 64bit Professional' Language: 'zh' Physical Memory: 32388 MB
BatchMode: 1, IsHumanControllingUs: 0, StartBugReporterOnCrash: 0, Is64bit: 1, IsPro: 1

COMMAND LINE ARGUMENTS:
C:\Program Files\Unity\Hub\Editor\2021.3.45f2c1\Editor\Unity.exe
-adb2
-batchMode
-noUpm
-name
AssetImportWorker6
-projectPath
C:/Users/Bobby2003/My project (7)/PROG2001-Group4
-logFile
Logs/AssetImportWorker6.log
-srvPort
60995
Successfully changed project path to: C:/Users/Bobby2003/My project (7)/PROG2001-Group4
C:/Users/Bobby2003/My project (7)/PROG2001-Group4
[UnityMemory] Configuration Parameters - Can be set up in boot.config
    "memorysetup-bucket-allocator-granularity=16"
    "memorysetup-bucket-allocator-bucket-count=8"
    "memorysetup-bucket-allocator-block-size=33554432"
    "memorysetup-bucket-allocator-block-count=8"
    "memorysetup-main-allocator-block-size=16777216"
    "memorysetup-thread-allocator-block-size=16777216"
    "memorysetup-gfx-main-allocator-block-size=16777216"
    "memorysetup-gfx-thread-allocator-block-size=16777216"
    "memorysetup-cache-allocator-block-size=4194304"
    "memorysetup-typetree-allocator-block-size=2097152"
    "memorysetup-profiler-bucket-allocator-granularity=16"
    "memorysetup-profiler-bucket-allocator-bucket-count=8"
    "memorysetup-profiler-bucket-allocator-block-size=33554432"
    "memorysetup-profiler-bucket-allocator-block-count=8"
    "memorysetup-profiler-allocator-block-size=16777216"
    "memorysetup-profiler-editor-allocator-block-size=1048576"
    "memorysetup-temp-allocator-size-main=16777216"
    "memorysetup-job-temp-allocator-block-size=2097152"
    "memorysetup-job-temp-allocator-block-size-background=1048576"
    "memorysetup-job-temp-allocator-reduction-small-platforms=262144"
    "memorysetup-temp-allocator-size-background-worker=32768"
    "memorysetup-temp-allocator-size-job-worker=262144"
    "memorysetup-temp-allocator-size-preload-manager=33554432"
    "memorysetup-temp-allocator-size-nav-mesh-worker=65536"
    "memorysetup-temp-allocator-size-audio-worker=65536"
    "memorysetup-temp-allocator-size-cloud-worker=32768"
    "memorysetup-temp-allocator-size-gi-baking-worker=262144"
    "memorysetup-temp-allocator-size-gfx=262144"
Player connection [58188] Host "[IP] 26.18.251.41 [Port] 0 [Flags] 2 [Guid] 4182046855 [EditorId] 4182046855 [Version] 1048832 [Id] WindowsEditor(7,Bobby) [Debug] 1 [PackageName] WindowsEditor [ProjectName] Editor" joined multi-casting on [225.0.0.222:54997]...

Player connection [58188] Host "[IP] 26.18.251.41 [Port] 0 [Flags] 2 [Guid] 4182046855 [EditorId] 4182046855 [Version] 1048832 [Id] WindowsEditor(7,Bobby) [Debug] 1 [PackageName] WindowsEditor [ProjectName] Editor" joined alternative multi-casting on [225.0.0.222:34997]...

AS: AutoStreaming module initializing.
[Physics::Module] Initialized MultithreadedJobDispatcher with {0} workers.
Refreshing native plugins compatible for Editor in 38.57 ms, found 3 plugins.
Preloading 0 native plugins for Editor in 0.00 ms.
Initialize engine version: 2021.3.45f2c1 (8058fe21db2f)
[Subsystems] Discovering subsystems at path C:/Program Files/Unity/Hub/Editor/2021.3.45f2c1/Editor/Data/Resources/UnitySubsystems
[Subsystems] Discovering subsystems at path C:/Users/Bobby2003/My project (7)/PROG2001-Group4/Assets
GfxDevice: creating device client; threaded=0; jobified=0
Direct3D:
    Version:  Direct3D 11.0 [level 11.1]
    Renderer: NVIDIA GeForce RTX 4060 Laptop GPU (ID=0x28a0)
    Vendor:   NVIDIA
    VRAM:     7957 MB
    Driver:   32.0.15.8097
Initialize mono
Mono path[0] = 'C:/Program Files/Unity/Hub/Editor/2021.3.45f2c1/Editor/Data/Managed'
Mono path[1] = 'C:/Program Files/Unity/Hub/Editor/2021.3.45f2c1/Editor/Data/MonoBleedingEdge/lib/mono/unityjit-win32'
Mono config path = 'C:/Program Files/Unity/Hub/Editor/2021.3.45f2c1/Editor/Data/MonoBleedingEdge/etc'
Using monoOptions --debugger-agent=transport=dt_socket,embedding=1,server=y,suspend=n,address=127.0.0.1:56256
Begin MonoManager ReloadAssembly
Registering precompiled unity dll's ...
Register platform support module: C:/Program Files/Unity/Hub/Editor/2021.3.45f2c1/Editor/Data/PlaybackEngines/WindowsStandaloneSupport/UnityEditor.WindowsStandalone.Extensions.dll
Registered in 0.004276 seconds.
Native extension for WindowsStandalone target not found
Refreshing native plugins compatible for Editor in 34.38 ms, found 3 plugins.
Preloading 0 native plugins for Editor in 0.00 ms.
Mono: successfully reloaded assembly
- Completed reload, in  0.704 seconds
Domain Reload Profiling:
	ReloadAssembly (704ms)
		BeginReloadAssembly (83ms)
			ExecutionOrderSort (0ms)
			DisableScriptedObjects (0ms)
			BackupInstance (0ms)
			ReleaseScriptingObjects (0ms)
			CreateAndSetChildDomain (1ms)
		EndReloadAssembly (556ms)
			LoadAssemblies (79ms)
			RebuildTransferFunctionScriptingTraits (0ms)
			SetupTypeCache (329ms)
			ReleaseScriptCaches (0ms)
			RebuildScriptCaches (21ms)
			SetupLoadedEditorAssemblies (177ms)
				LogAssemblyErrors (0ms)
				InitializePlatformSupportModulesInManaged (6ms)
				SetLoadedEditorAssemblies (0ms)
				RefreshPlugins (34ms)
				BeforeProcessingInitializeOnLoad (1ms)
				ProcessInitializeOnLoadAttributes (92ms)
				ProcessInitializeOnLoadMethodAttributes (43ms)
				AfterProcessingInitializeOnLoad (0ms)
				EditorAssembliesLoaded (0ms)
			ExecutionOrderSort2 (0ms)
			AwakeInstancesAfterBackupRestoration (0ms)
Platform modules already initialized, skipping
Registering precompiled user dll's ...
Registered in 0.005041 seconds.
Begin MonoManager ReloadAssembly
Native extension for WindowsStandalone target not found
Refreshing native plugins compatible for Editor in 0.47 ms, found 3 plugins.
Preloading 0 native plugins for Editor in 0.00 ms.
Package Manager log level set to [2]
[Package Manager] Server::EnsureServerProcessIsRunning -- launch failed, reason: Unity was launched with the -noUpm command-line argument
[Package Manager] Cannot connect to Unity Package Manager local server
Mono: successfully reloaded assembly
- Completed reload, in  1.385 seconds
Domain Reload Profiling:
	ReloadAssembly (1386ms)
		BeginReloadAssembly (104ms)
			ExecutionOrderSort (0ms)
			DisableScriptedObjects (4ms)
			BackupInstance (0ms)
			ReleaseScriptingObjects (0ms)
			CreateAndSetChildDomain (16ms)
		EndReloadAssembly (1206ms)
			LoadAssemblies (85ms)
			RebuildTransferFunctionScriptingTraits (0ms)
			SetupTypeCache (152ms)
			ReleaseScriptCaches (0ms)
			RebuildScriptCaches (33ms)
			SetupLoadedEditorAssemblies (936ms)
				LogAssemblyErrors (0ms)
				InitializePlatformSupportModulesInManaged (5ms)
				SetLoadedEditorAssemblies (0ms)
				RefreshPlugins (1ms)
				BeforeProcessingInitializeOnLoad (44ms)
				ProcessInitializeOnLoadAttributes (852ms)
				ProcessInitializeOnLoadMethodAttributes (17ms)
				AfterProcessingInitializeOnLoad (17ms)
				EditorAssembliesLoaded (0ms)
			ExecutionOrderSort2 (0ms)
			AwakeInstancesAfterBackupRestoration (6ms)
Platform modules already initialized, skipping
========================================================================
Worker process is ready to serve import requests
Launched and connected shader compiler UnityShaderCompiler.exe after 0.27 seconds
Refreshing native plugins compatible for Editor in 1.47 ms, found 3 plugins.
Preloading 0 native plugins for Editor in 0.00 ms.
Unloading 2998 Unused Serialized files (Serialized files now loaded: 0)
Unloading 23 unused Assets / (47.5 KB). Loaded Objects now: 3476.
Memory consumption went from 127.5 MB to 127.5 MB.
Total: 4.644900 ms (FindLiveObjects: 0.259300 ms CreateObjectMapping: 0.098500 ms MarkObjects: 4.072800 ms  DeleteObjects: 0.212900 ms)

AssetImportParameters requested are different than current active one (requested -> active):
  custom:video-decoder-ogg-theora: a1e56fd34408186e4bbccfd4996cb3dc -> 
  custom:container-muxer-webm: aa71ff27fc2769a1b78a27578f13a17b -> 
  custom:container-demuxer-webm: 4f35f7cbe854078d1ac9338744f61a02 -> 
  custom:video-encoder-webm-vp8: eb34c28f22e8b96e1ab97ce403110664 -> 
  custom:video-codec-MediaFoundation-h265: 746d11721c4dcdbdad8f713fa42b33f4 -> 
  custom:CustomObjectIndexerAttribute: bc11b3a6c3213fcdd17b65e7da85e133 -> 
  custom:audio-encoder-webm-vorbis: bf7c407c2cedff20999df2af8eb42d56 -> 
  custom:framework-win-MediaFoundation: 216162199b28c13a410421893ffa2e32 -> 
  custom:SearchIndexIgnoredProperties: e643bd26f0fe6173181afceb89e7c659 -> 
  custom:container-demuxer-ogg: 62fdf1f143b41e24485cea50d1cbac27 -> 
  custom:video-decoder-webm-vp8: 9c59270c3fd7afecdb556c50c9e8de78 -> 
  custom:audio-decoder-ogg-vorbis: bf7c407c2cedff20999df2af8eb42d56 -> 
========================================================================
Received Import Request.
  Time since last request: 46816.109826 seconds.
  path: Assets/Quirky Series Ultimate/Quirky Series Vol.1/Arctic Vol.1/Animations/AC_Reindeer.controller
  artifactKey: Guid(a86c5aecc7060d64892024881f7665e4) Importer(815301076,1909f56bfc062723c751e8b465ee728b)
Number of updated assets reloaded before import = 0
Start importing Assets/Quirky Series Ultimate/Quirky Series Vol.1/Arctic Vol.1/Animations/AC_Reindeer.controller using Guid(a86c5aecc7060d64892024881f7665e4) Importer(815301076,1909f56bfc062723c751e8b465ee728b)  -> (artifact id: '68b357c2e5525fd27ced0da54146f32f') in 0.099878 seconds 
Number of asset objects unloaded after import = 81
========================================================================
Received Import Request.
  Time since last request: 1.207206 seconds.
  path: Assets/Quirky Series Ultimate/Quirky Series Vol.1/Arctic Vol.1/Animations/AC_PolarBear.controller
  artifactKey: Guid(ec375d9b5f6cffb4ca16a6034b67ff8b) Importer(815301076,1909f56bfc062723c751e8b465ee728b)
Number of updated assets reloaded before import = 0
Start importing Assets/Quirky Series Ultimate/Quirky Series Vol.1/Arctic Vol.1/Animations/AC_PolarBear.controller using Guid(ec375d9b5f6cffb4ca16a6034b67ff8b) Importer(815301076,1909f56bfc062723c751e8b465ee728b)  -> (artifact id: 'da66564bd5d063460ca7e5495b2038ed') in 0.044329 seconds 
Number of asset objects unloaded after import = 81
========================================================================
Received Import Request.
  Time since last request: 34.076264 seconds.
  path: Assets/Quirky Series Ultimate/Quirky Series Vol.1/Arctic Vol.1/Animations/AC_Walrus.controller
  artifactKey: Guid(88f2288a090ead84aab803cdf48767cf) Importer(815301076,1909f56bfc062723c751e8b465ee728b)
Number of updated assets reloaded before import = 0
Start importing Assets/Quirky Series Ultimate/Quirky Series Vol.1/Arctic Vol.1/Animations/AC_Walrus.controller using Guid(88f2288a090ead84aab803cdf48767cf) Importer(815301076,1909f56bfc062723c751e8b465ee728b)  -> (artifact id: 'c63775ddb9f5a66028ec1f33bb31bf0a') in 0.048446 seconds 
Number of asset objects unloaded after import = 81
========================================================================
Received Import Request.
  Time since last request: 75.421617 seconds.
  path: Assets/donghua/PlayerSimpleAnimator.controller
  artifactKey: Guid(02da0e393b5eb994da3ecba048e223c7) Importer(815301076,1909f56bfc062723c751e8b465ee728b)
Number of updated assets reloaded before import = 0
Start importing Assets/donghua/PlayerSimpleAnimator.controller using Guid(02da0e393b5eb994da3ecba048e223c7) Importer(815301076,1909f56bfc062723c751e8b465ee728b)  -> (artifact id: '7e84bde06d4bda8d03b6fe8671ba6d71') in 0.020870 seconds 
Number of asset objects unloaded after import = 20
========================================================================
Received Import Request.
  Time since last request: 83.987622 seconds.
  path: Assets/Scenes/page2.unity
  artifactKey: Guid(79754ed4c7f4187428cde3a2f4c80dd6) Importer(815301076,1909f56bfc062723c751e8b465ee728b)
Number of updated assets reloaded before import = 0
Start importing Assets/Scenes/page2.unity using Guid(79754ed4c7f4187428cde3a2f4c80dd6) Importer(815301076,1909f56bfc062723c751e8b465ee728b)  -> (artifact id: '68a2d69aa1cb68b292c29562ae0a23a7') in 0.016398 seconds 
Number of asset objects unloaded after import = 0
========================================================================
Received Prepare
Registering precompiled user dll's ...
Registered in 0.003349 seconds.
Begin MonoManager ReloadAssembly
Native extension for WindowsStandalone target not found
Refreshing native plugins compatible for Editor in 0.54 ms, found 3 plugins.
Preloading 0 native plugins for Editor in 0.00 ms.
[Package Manager] Server::EnsureServerProcessIsRunning -- launch failed, reason: Unity was launched with the -noUpm command-line argument
[Package Manager] Cannot connect to Unity Package Manager local server
Mono: successfully reloaded assembly
- Completed reload, in  1.052 seconds
Domain Reload Profiling:
	ReloadAssembly (1053ms)
		BeginReloadAssembly (132ms)
			ExecutionOrderSort (0ms)
			DisableScriptedObjects (4ms)
			BackupInstance (0ms)
			ReleaseScriptingObjects (0ms)
			CreateAndSetChildDomain (40ms)
		EndReloadAssembly (857ms)
			LoadAssemblies (82ms)
			RebuildTransferFunctionScriptingTraits (0ms)
			SetupTypeCache (138ms)
			ReleaseScriptCaches (1ms)
			RebuildScriptCaches (24ms)
			SetupLoadedEditorAssemblies (611ms)
				LogAssemblyErrors (0ms)
				InitializePlatformSupportModulesInManaged (4ms)
				SetLoadedEditorAssemblies (0ms)
				RefreshPlugins (1ms)
				BeforeProcessingInitializeOnLoad (31ms)
				ProcessInitializeOnLoadAttributes (549ms)
				ProcessInitializeOnLoadMethodAttributes (18ms)
				AfterProcessingInitializeOnLoad (8ms)
				EditorAssembliesLoaded (0ms)
			ExecutionOrderSort2 (0ms)
			AwakeInstancesAfterBackupRestoration (6ms)
Platform modules already initialized, skipping
Refreshing native plugins compatible for Editor in 0.72 ms, found 3 plugins.
Preloading 0 native plugins for Editor in 0.00 ms.
Unloading 2960 Unused Serialized files (Serialized files now loaded: 0)
Unloading 18 unused Assets / (21.9 KB). Loaded Objects now: 3480.
Memory consumption went from 124.0 MB to 124.0 MB.
Total: 3.090300 ms (FindLiveObjects: 0.183400 ms CreateObjectMapping: 0.058800 ms MarkObjects: 2.823600 ms  DeleteObjects: 0.023400 ms)

AssetImportParameters requested are different than current active one (requested -> active):
  custom:video-decoder-ogg-theora: a1e56fd34408186e4bbccfd4996cb3dc -> 
  custom:container-muxer-webm: aa71ff27fc2769a1b78a27578f13a17b -> 
  custom:container-demuxer-webm: 4f35f7cbe854078d1ac9338744f61a02 -> 
  custom:video-encoder-webm-vp8: eb34c28f22e8b96e1ab97ce403110664 -> 
  custom:video-codec-MediaFoundation-h265: 746d11721c4dcdbdad8f713fa42b33f4 -> 
  custom:CustomObjectIndexerAttribute: bc11b3a6c3213fcdd17b65e7da85e133 -> 
  custom:audio-encoder-webm-vorbis: bf7c407c2cedff20999df2af8eb42d56 -> 
  custom:framework-win-MediaFoundation: 216162199b28c13a410421893ffa2e32 -> 
  custom:SearchIndexIgnoredProperties: e643bd26f0fe6173181afceb89e7c659 -> 
  custom:container-demuxer-ogg: 62fdf1f143b41e24485cea50d1cbac27 -> 
  custom:video-decoder-webm-vp8: 9c59270c3fd7afecdb556c50c9e8de78 -> 
  custom:audio-decoder-ogg-vorbis: bf7c407c2cedff20999df2af8eb42d56 -> 
========================================================================
Received Prepare
Registering precompiled user dll's ...
Registered in 0.003980 seconds.
Begin MonoManager ReloadAssembly
Native extension for WindowsStandalone target not found
Refreshing native plugins compatible for Editor in 0.61 ms, found 3 plugins.
Preloading 0 native plugins for Editor in 0.00 ms.
[Package Manager] Server::EnsureServerProcessIsRunning -- launch failed, reason: Unity was launched with the -noUpm command-line argument
[Package Manager] Cannot connect to Unity Package Manager local server
Mono: successfully reloaded assembly
- Completed reload, in  0.999 seconds
Domain Reload Profiling:
	ReloadAssembly (1000ms)
		BeginReloadAssembly (94ms)
			ExecutionOrderSort (0ms)
			DisableScriptedObjects (2ms)
			BackupInstance (0ms)
			ReleaseScriptingObjects (0ms)
			CreateAndSetChildDomain (20ms)
		EndReloadAssembly (847ms)
			LoadAssemblies (65ms)
			RebuildTransferFunctionScriptingTraits (0ms)
			SetupTypeCache (125ms)
			ReleaseScriptCaches (1ms)
			RebuildScriptCaches (28ms)
			SetupLoadedEditorAssemblies (613ms)
				LogAssemblyErrors (0ms)
				InitializePlatformSupportModulesInManaged (5ms)
				SetLoadedEditorAssemblies (0ms)
				RefreshPlugins (1ms)
				BeforeProcessingInitializeOnLoad (33ms)
				ProcessInitializeOnLoadAttributes (546ms)
				ProcessInitializeOnLoadMethodAttributes (19ms)
				AfterProcessingInitializeOnLoad (8ms)
				EditorAssembliesLoaded (0ms)
			ExecutionOrderSort2 (0ms)
			AwakeInstancesAfterBackupRestoration (7ms)
Platform modules already initialized, skipping
Refreshing native plugins compatible for Editor in 0.56 ms, found 3 plugins.
Preloading 0 native plugins for Editor in 0.00 ms.
Unloading 2960 Unused Serialized files (Serialized files now loaded: 0)
Unloading 18 unused Assets / (21.9 KB). Loaded Objects now: 3483.
Memory consumption went from 124.0 MB to 124.0 MB.
Total: 2.364400 ms (FindLiveObjects: 0.201400 ms CreateObjectMapping: 0.059000 ms MarkObjects: 2.073300 ms  DeleteObjects: 0.029200 ms)

AssetImportParameters requested are different than current active one (requested -> active):
  custom:video-decoder-ogg-theora: a1e56fd34408186e4bbccfd4996cb3dc -> 
  custom:container-muxer-webm: aa71ff27fc2769a1b78a27578f13a17b -> 
  custom:container-demuxer-webm: 4f35f7cbe854078d1ac9338744f61a02 -> 
  custom:video-encoder-webm-vp8: eb34c28f22e8b96e1ab97ce403110664 -> 
  custom:video-codec-MediaFoundation-h265: 746d11721c4dcdbdad8f713fa42b33f4 -> 
  custom:CustomObjectIndexerAttribute: bc11b3a6c3213fcdd17b65e7da85e133 -> 
  custom:audio-encoder-webm-vorbis: bf7c407c2cedff20999df2af8eb42d56 -> 
  custom:framework-win-MediaFoundation: 216162199b28c13a410421893ffa2e32 -> 
  custom:SearchIndexIgnoredProperties: e643bd26f0fe6173181afceb89e7c659 -> 
  custom:container-demuxer-ogg: 62fdf1f143b41e24485cea50d1cbac27 -> 
  custom:video-decoder-webm-vp8: 9c59270c3fd7afecdb556c50c9e8de78 -> 
  custom:audio-decoder-ogg-vorbis: bf7c407c2cedff20999df2af8eb42d56 -> 
========================================================================
Received Prepare
Registering precompiled user dll's ...
Registered in 0.003277 seconds.
Begin MonoManager ReloadAssembly
Native extension for WindowsStandalone target not found
Refreshing native plugins compatible for Editor in 0.50 ms, found 3 plugins.
Preloading 0 native plugins for Editor in 0.00 ms.
[Package Manager] Server::EnsureServerProcessIsRunning -- launch failed, reason: Unity was launched with the -noUpm command-line argument
[Package Manager] Cannot connect to Unity Package Manager local server
Mono: successfully reloaded assembly
- Completed reload, in  0.997 seconds
Domain Reload Profiling:
	ReloadAssembly (997ms)
		BeginReloadAssembly (104ms)
			ExecutionOrderSort (0ms)
			DisableScriptedObjects (3ms)
			BackupInstance (0ms)
			ReleaseScriptingObjects (0ms)
			CreateAndSetChildDomain (25ms)
		EndReloadAssembly (832ms)
			LoadAssemblies (69ms)
			RebuildTransferFunctionScriptingTraits (0ms)
			SetupTypeCache (122ms)
			ReleaseScriptCaches (1ms)
			RebuildScriptCaches (27ms)
			SetupLoadedEditorAssemblies (605ms)
				LogAssemblyErrors (0ms)
				InitializePlatformSupportModulesInManaged (4ms)
				SetLoadedEditorAssemblies (0ms)
				RefreshPlugins (1ms)
				BeforeProcessingInitializeOnLoad (32ms)
				ProcessInitializeOnLoadAttributes (544ms)
				ProcessInitializeOnLoadMethodAttributes (17ms)
				AfterProcessingInitializeOnLoad (7ms)
				EditorAssembliesLoaded (0ms)
			ExecutionOrderSort2 (0ms)
			AwakeInstancesAfterBackupRestoration (7ms)
Platform modules already initialized, skipping
Refreshing native plugins compatible for Editor in 0.65 ms, found 3 plugins.
Preloading 0 native plugins for Editor in 0.00 ms.
Unloading 2960 Unused Serialized files (Serialized files now loaded: 0)
Unloading 18 unused Assets / (21.9 KB). Loaded Objects now: 3486.
Memory consumption went from 124.1 MB to 124.0 MB.
Total: 2.055300 ms (FindLiveObjects: 0.161600 ms CreateObjectMapping: 0.049100 ms MarkObjects: 1.819400 ms  DeleteObjects: 0.024300 ms)

AssetImportParameters requested are different than current active one (requested -> active):
  custom:video-decoder-ogg-theora: a1e56fd34408186e4bbccfd4996cb3dc -> 
  custom:container-muxer-webm: aa71ff27fc2769a1b78a27578f13a17b -> 
  custom:container-demuxer-webm: 4f35f7cbe854078d1ac9338744f61a02 -> 
  custom:video-encoder-webm-vp8: eb34c28f22e8b96e1ab97ce403110664 -> 
  custom:video-codec-MediaFoundation-h265: 746d11721c4dcdbdad8f713fa42b33f4 -> 
  custom:CustomObjectIndexerAttribute: bc11b3a6c3213fcdd17b65e7da85e133 -> 
  custom:audio-encoder-webm-vorbis: bf7c407c2cedff20999df2af8eb42d56 -> 
  custom:framework-win-MediaFoundation: 216162199b28c13a410421893ffa2e32 -> 
  custom:SearchIndexIgnoredProperties: e643bd26f0fe6173181afceb89e7c659 -> 
  custom:container-demuxer-ogg: 62fdf1f143b41e24485cea50d1cbac27 -> 
  custom:video-decoder-webm-vp8: 9c59270c3fd7afecdb556c50c9e8de78 -> 
  custom:audio-decoder-ogg-vorbis: bf7c407c2cedff20999df2af8eb42d56 -> 
========================================================================
Received Prepare
Registering precompiled user dll's ...
Registered in 0.003317 seconds.
Begin MonoManager ReloadAssembly
Native extension for WindowsStandalone target not found
Refreshing native plugins compatible for Editor in 0.48 ms, found 3 plugins.
Preloading 0 native plugins for Editor in 0.00 ms.
[Package Manager] Server::EnsureServerProcessIsRunning -- launch failed, reason: Unity was launched with the -noUpm command-line argument
[Package Manager] Cannot connect to Unity Package Manager local server
Mono: successfully reloaded assembly
- Completed reload, in  0.967 seconds
Domain Reload Profiling:
	ReloadAssembly (967ms)
		BeginReloadAssembly (95ms)
			ExecutionOrderSort (0ms)
			DisableScriptedObjects (3ms)
			BackupInstance (0ms)
			ReleaseScriptingObjects (0ms)
			CreateAndSetChildDomain (20ms)
		EndReloadAssembly (808ms)
			LoadAssemblies (64ms)
			RebuildTransferFunctionScriptingTraits (0ms)
			SetupTypeCache (121ms)
			ReleaseScriptCaches (1ms)
			RebuildScriptCaches (24ms)
			SetupLoadedEditorAssemblies (593ms)
				LogAssemblyErrors (0ms)
				InitializePlatformSupportModulesInManaged (4ms)
				SetLoadedEditorAssemblies (0ms)
				RefreshPlugins (1ms)
				BeforeProcessingInitializeOnLoad (31ms)
				ProcessInitializeOnLoadAttributes (536ms)
				ProcessInitializeOnLoadMethodAttributes (14ms)
				AfterProcessingInitializeOnLoad (6ms)
				EditorAssembliesLoaded (0ms)
			ExecutionOrderSort2 (0ms)
			AwakeInstancesAfterBackupRestoration (6ms)
Platform modules already initialized, skipping
Refreshing native plugins compatible for Editor in 0.83 ms, found 3 plugins.
Preloading 0 native plugins for Editor in 0.00 ms.
Unloading 2960 Unused Serialized files (Serialized files now loaded: 0)
Unloading 18 unused Assets / (21.9 KB). Loaded Objects now: 3489.
Memory consumption went from 124.1 MB to 124.0 MB.
Total: 2.436700 ms (FindLiveObjects: 0.179400 ms CreateObjectMapping: 0.050700 ms MarkObjects: 2.183100 ms  DeleteObjects: 0.022700 ms)

AssetImportParameters requested are different than current active one (requested -> active):
  custom:video-decoder-ogg-theora: a1e56fd34408186e4bbccfd4996cb3dc -> 
  custom:container-muxer-webm: aa71ff27fc2769a1b78a27578f13a17b -> 
  custom:container-demuxer-webm: 4f35f7cbe854078d1ac9338744f61a02 -> 
  custom:video-encoder-webm-vp8: eb34c28f22e8b96e1ab97ce403110664 -> 
  custom:video-codec-MediaFoundation-h265: 746d11721c4dcdbdad8f713fa42b33f4 -> 
  custom:CustomObjectIndexerAttribute: bc11b3a6c3213fcdd17b65e7da85e133 -> 
  custom:audio-encoder-webm-vorbis: bf7c407c2cedff20999df2af8eb42d56 -> 
  custom:framework-win-MediaFoundation: 216162199b28c13a410421893ffa2e32 -> 
  custom:SearchIndexIgnoredProperties: e643bd26f0fe6173181afceb89e7c659 -> 
  custom:container-demuxer-ogg: 62fdf1f143b41e24485cea50d1cbac27 -> 
  custom:video-decoder-webm-vp8: 9c59270c3fd7afecdb556c50c9e8de78 -> 
  custom:audio-decoder-ogg-vorbis: bf7c407c2cedff20999df2af8eb42d56 -> 
========================================================================
Received Prepare
Registering precompiled user dll's ...
Registered in 0.003514 seconds.
Begin MonoManager ReloadAssembly
Native extension for WindowsStandalone target not found
Refreshing native plugins compatible for Editor in 0.49 ms, found 3 plugins.
Preloading 0 native plugins for Editor in 0.00 ms.
[Package Manager] Server::EnsureServerProcessIsRunning -- launch failed, reason: Unity was launched with the -noUpm command-line argument
[Package Manager] Cannot connect to Unity Package Manager local server
Mono: successfully reloaded assembly
- Completed reload, in  1.015 seconds
Domain Reload Profiling:
	ReloadAssembly (1015ms)
		BeginReloadAssembly (101ms)
			ExecutionOrderSort (0ms)
			DisableScriptedObjects (3ms)
			BackupInstance (0ms)
			ReleaseScriptingObjects (0ms)
			CreateAndSetChildDomain (20ms)
		EndReloadAssembly (851ms)
			LoadAssemblies (71ms)
			RebuildTransferFunctionScriptingTraits (0ms)
			SetupTypeCache (128ms)
			ReleaseScriptCaches (1ms)
			RebuildScriptCaches (25ms)
			SetupLoadedEditorAssemblies (619ms)
				LogAssemblyErrors (0ms)
				InitializePlatformSupportModulesInManaged (3ms)
				SetLoadedEditorAssemblies (0ms)
				RefreshPlugins (1ms)
				BeforeProcessingInitializeOnLoad (37ms)
				ProcessInitializeOnLoadAttributes (560ms)
				ProcessInitializeOnLoadMethodAttributes (11ms)
				AfterProcessingInitializeOnLoad (6ms)
				EditorAssembliesLoaded (0ms)
			ExecutionOrderSort2 (0ms)
			AwakeInstancesAfterBackupRestoration (5ms)
Platform modules already initialized, skipping
Refreshing native plugins compatible for Editor in 0.69 ms, found 3 plugins.
Preloading 0 native plugins for Editor in 0.00 ms.
Unloading 2960 Unused Serialized files (Serialized files now loaded: 0)
Unloading 18 unused Assets / (21.9 KB). Loaded Objects now: 3492.
Memory consumption went from 124.1 MB to 124.1 MB.
Total: 2.770600 ms (FindLiveObjects: 0.225200 ms CreateObjectMapping: 0.066100 ms MarkObjects: 2.446900 ms  DeleteObjects: 0.031300 ms)

AssetImportParameters requested are different than current active one (requested -> active):
  custom:video-decoder-ogg-theora: a1e56fd34408186e4bbccfd4996cb3dc -> 
  custom:container-muxer-webm: aa71ff27fc2769a1b78a27578f13a17b -> 
  custom:container-demuxer-webm: 4f35f7cbe854078d1ac9338744f61a02 -> 
  custom:video-encoder-webm-vp8: eb34c28f22e8b96e1ab97ce403110664 -> 
  custom:video-codec-MediaFoundation-h265: 746d11721c4dcdbdad8f713fa42b33f4 -> 
  custom:CustomObjectIndexerAttribute: bc11b3a6c3213fcdd17b65e7da85e133 -> 
  custom:audio-encoder-webm-vorbis: bf7c407c2cedff20999df2af8eb42d56 -> 
  custom:framework-win-MediaFoundation: 216162199b28c13a410421893ffa2e32 -> 
  custom:SearchIndexIgnoredProperties: e643bd26f0fe6173181afceb89e7c659 -> 
  custom:container-demuxer-ogg: 62fdf1f143b41e24485cea50d1cbac27 -> 
  custom:video-decoder-webm-vp8: 9c59270c3fd7afecdb556c50c9e8de78 -> 
  custom:audio-decoder-ogg-vorbis: bf7c407c2cedff20999df2af8eb42d56 -> 
========================================================================
Received Prepare
Registering precompiled user dll's ...
Registered in 0.004131 seconds.
Begin MonoManager ReloadAssembly
Native extension for WindowsStandalone target not found
Refreshing native plugins compatible for Editor in 0.42 ms, found 3 plugins.
Preloading 0 native plugins for Editor in 0.00 ms.
[Package Manager] Server::EnsureServerProcessIsRunning -- launch failed, reason: Unity was launched with the -noUpm command-line argument
[Package Manager] Cannot connect to Unity Package Manager local server
Mono: successfully reloaded assembly
- Completed reload, in  1.024 seconds
Domain Reload Profiling:
	ReloadAssembly (1025ms)
		BeginReloadAssembly (98ms)
			ExecutionOrderSort (0ms)
			DisableScriptedObjects (3ms)
			BackupInstance (0ms)
			ReleaseScriptingObjects (0ms)
			CreateAndSetChildDomain (19ms)
		EndReloadAssembly (866ms)
			LoadAssemblies (66ms)
			RebuildTransferFunctionScriptingTraits (0ms)
			SetupTypeCache (129ms)
			ReleaseScriptCaches (1ms)
			RebuildScriptCaches (27ms)
			SetupLoadedEditorAssemblies (634ms)
				LogAssemblyErrors (0ms)
				InitializePlatformSupportModulesInManaged (3ms)
				SetLoadedEditorAssemblies (0ms)
				RefreshPlugins (0ms)
				BeforeProcessingInitializeOnLoad (34ms)
				ProcessInitializeOnLoadAttributes (570ms)
				ProcessInitializeOnLoadMethodAttributes (18ms)
				AfterProcessingInitializeOnLoad (7ms)
				EditorAssembliesLoaded (0ms)
			ExecutionOrderSort2 (0ms)
			AwakeInstancesAfterBackupRestoration (6ms)
Platform modules already initialized, skipping
Refreshing native plugins compatible for Editor in 0.55 ms, found 3 plugins.
Preloading 0 native plugins for Editor in 0.00 ms.
Unloading 2960 Unused Serialized files (Serialized files now loaded: 0)
Unloading 18 unused Assets / (21.9 KB). Loaded Objects now: 3495.
Memory consumption went from 124.1 MB to 124.1 MB.
Total: 2.483600 ms (FindLiveObjects: 0.189300 ms CreateObjectMapping: 0.053200 ms MarkObjects: 2.209700 ms  DeleteObjects: 0.030500 ms)

AssetImportParameters requested are different than current active one (requested -> active):
  custom:video-decoder-ogg-theora: a1e56fd34408186e4bbccfd4996cb3dc -> 
  custom:container-muxer-webm: aa71ff27fc2769a1b78a27578f13a17b -> 
  custom:container-demuxer-webm: 4f35f7cbe854078d1ac9338744f61a02 -> 
  custom:video-encoder-webm-vp8: eb34c28f22e8b96e1ab97ce403110664 -> 
  custom:video-codec-MediaFoundation-h265: 746d11721c4dcdbdad8f713fa42b33f4 -> 
  custom:CustomObjectIndexerAttribute: bc11b3a6c3213fcdd17b65e7da85e133 -> 
  custom:audio-encoder-webm-vorbis: bf7c407c2cedff20999df2af8eb42d56 -> 
  custom:framework-win-MediaFoundation: 216162199b28c13a410421893ffa2e32 -> 
  custom:SearchIndexIgnoredProperties: e643bd26f0fe6173181afceb89e7c659 -> 
  custom:container-demuxer-ogg: 62fdf1f143b41e24485cea50d1cbac27 -> 
  custom:video-decoder-webm-vp8: 9c59270c3fd7afecdb556c50c9e8de78 -> 
  custom:audio-decoder-ogg-vorbis: bf7c407c2cedff20999df2af8eb42d56 -> 
========================================================================
Received Prepare
Registering precompiled user dll's ...
Registered in 0.003270 seconds.
Begin MonoManager ReloadAssembly
Native extension for WindowsStandalone target not found
Refreshing native plugins compatible for Editor in 0.56 ms, found 3 plugins.
Preloading 0 native plugins for Editor in 0.00 ms.
[Package Manager] Server::EnsureServerProcessIsRunning -- launch failed, reason: Unity was launched with the -noUpm command-line argument
[Package Manager] Cannot connect to Unity Package Manager local server
Mono: successfully reloaded assembly
- Completed reload, in  0.946 seconds
Domain Reload Profiling:
	ReloadAssembly (946ms)
		BeginReloadAssembly (103ms)
			ExecutionOrderSort (0ms)
			DisableScriptedObjects (3ms)
			BackupInstance (0ms)
			ReleaseScriptingObjects (0ms)
			CreateAndSetChildDomain (21ms)
		EndReloadAssembly (781ms)
			LoadAssemblies (70ms)
			RebuildTransferFunctionScriptingTraits (0ms)
			SetupTypeCache (123ms)
			ReleaseScriptCaches (1ms)
			RebuildScriptCaches (21ms)
			SetupLoadedEditorAssemblies (564ms)
				LogAssemblyErrors (0ms)
				InitializePlatformSupportModulesInManaged (4ms)
				SetLoadedEditorAssemblies (1ms)
				RefreshPlugins (1ms)
				BeforeProcessingInitializeOnLoad (29ms)
				ProcessInitializeOnLoadAttributes (512ms)
				ProcessInitializeOnLoadMethodAttributes (12ms)
				AfterProcessingInitializeOnLoad (6ms)
				EditorAssembliesLoaded (0ms)
			ExecutionOrderSort2 (0ms)
			AwakeInstancesAfterBackupRestoration (4ms)
Platform modules already initialized, skipping
Refreshing native plugins compatible for Editor in 0.58 ms, found 3 plugins.
Preloading 0 native plugins for Editor in 0.00 ms.
Unloading 2960 Unused Serialized files (Serialized files now loaded: 0)
Unloading 18 unused Assets / (22.0 KB). Loaded Objects now: 3498.
Memory consumption went from 124.1 MB to 124.1 MB.
Total: 2.618300 ms (FindLiveObjects: 0.167700 ms CreateObjectMapping: 0.050900 ms MarkObjects: 2.173700 ms  DeleteObjects: 0.225100 ms)

AssetImportParameters requested are different than current active one (requested -> active):
  custom:video-decoder-ogg-theora: a1e56fd34408186e4bbccfd4996cb3dc -> 
  custom:container-muxer-webm: aa71ff27fc2769a1b78a27578f13a17b -> 
  custom:container-demuxer-webm: 4f35f7cbe854078d1ac9338744f61a02 -> 
  custom:video-encoder-webm-vp8: eb34c28f22e8b96e1ab97ce403110664 -> 
  custom:video-codec-MediaFoundation-h265: 746d11721c4dcdbdad8f713fa42b33f4 -> 
  custom:CustomObjectIndexerAttribute: bc11b3a6c3213fcdd17b65e7da85e133 -> 
  custom:audio-encoder-webm-vorbis: bf7c407c2cedff20999df2af8eb42d56 -> 
  custom:framework-win-MediaFoundation: 216162199b28c13a410421893ffa2e32 -> 
  custom:SearchIndexIgnoredProperties: e643bd26f0fe6173181afceb89e7c659 -> 
  custom:container-demuxer-ogg: 62fdf1f143b41e24485cea50d1cbac27 -> 
  custom:video-decoder-webm-vp8: 9c59270c3fd7afecdb556c50c9e8de78 -> 
  custom:audio-decoder-ogg-vorbis: bf7c407c2cedff20999df2af8eb42d56 -> 
========================================================================
Received Import Request.
  Time since last request: 554.618627 seconds.
  path: Assets/Scenes/page2.unity
  artifactKey: Guid(79754ed4c7f4187428cde3a2f4c80dd6) Importer(815301076,1909f56bfc062723c751e8b465ee728b)
Number of updated assets reloaded before import = 0
Start importing Assets/Scenes/page2.unity using Guid(79754ed4c7f4187428cde3a2f4c80dd6) Importer(815301076,1909f56bfc062723c751e8b465ee728b)  -> (artifact id: '457c771f97faa543d8b5ad4ebf6fc7b8') in 0.047672 seconds 
Number of asset objects unloaded after import = 0
========================================================================
Received Prepare
Registering precompiled user dll's ...
Registered in 0.004870 seconds.
Begin MonoManager ReloadAssembly
Native extension for WindowsStandalone target not found
Refreshing native plugins compatible for Editor in 0.43 ms, found 3 plugins.
Preloading 0 native plugins for Editor in 0.00 ms.
[Package Manager] Server::EnsureServerProcessIsRunning -- launch failed, reason: Unity was launched with the -noUpm command-line argument
[Package Manager] Cannot connect to Unity Package Manager local server
Mono: successfully reloaded assembly
- Completed reload, in  0.963 seconds
Domain Reload Profiling:
	ReloadAssembly (963ms)
		BeginReloadAssembly (98ms)
			ExecutionOrderSort (0ms)
			DisableScriptedObjects (2ms)
			BackupInstance (0ms)
			ReleaseScriptingObjects (0ms)
			CreateAndSetChildDomain (22ms)
		EndReloadAssembly (805ms)
			LoadAssemblies (67ms)
			RebuildTransferFunctionScriptingTraits (0ms)
			SetupTypeCache (128ms)
			ReleaseScriptCaches (1ms)
			RebuildScriptCaches (25ms)
			SetupLoadedEditorAssemblies (577ms)
				LogAssemblyErrors (0ms)
				InitializePlatformSupportModulesInManaged (3ms)
				SetLoadedEditorAssemblies (0ms)
				RefreshPlugins (0ms)
				BeforeProcessingInitializeOnLoad (29ms)
				ProcessInitializeOnLoadAttributes (521ms)
				ProcessInitializeOnLoadMethodAttributes (14ms)
				AfterProcessingInitializeOnLoad (8ms)
				EditorAssembliesLoaded (0ms)
			ExecutionOrderSort2 (0ms)
			AwakeInstancesAfterBackupRestoration (6ms)
Platform modules already initialized, skipping
Refreshing native plugins compatible for Editor in 0.61 ms, found 3 plugins.
Preloading 0 native plugins for Editor in 0.00 ms.
Unloading 2960 Unused Serialized files (Serialized files now loaded: 0)
Unloading 18 unused Assets / (22.0 KB). Loaded Objects now: 3501.
Memory consumption went from 124.1 MB to 124.1 MB.
Total: 2.280500 ms (FindLiveObjects: 0.161800 ms CreateObjectMapping: 0.037700 ms MarkObjects: 2.051700 ms  DeleteObjects: 0.027900 ms)

AssetImportParameters requested are different than current active one (requested -> active):
  custom:video-decoder-ogg-theora: a1e56fd34408186e4bbccfd4996cb3dc -> 
  custom:container-muxer-webm: aa71ff27fc2769a1b78a27578f13a17b -> 
  custom:container-demuxer-webm: 4f35f7cbe854078d1ac9338744f61a02 -> 
  custom:video-encoder-webm-vp8: eb34c28f22e8b96e1ab97ce403110664 -> 
  custom:video-codec-MediaFoundation-h265: 746d11721c4dcdbdad8f713fa42b33f4 -> 
  custom:CustomObjectIndexerAttribute: bc11b3a6c3213fcdd17b65e7da85e133 -> 
  custom:audio-encoder-webm-vorbis: bf7c407c2cedff20999df2af8eb42d56 -> 
  custom:framework-win-MediaFoundation: 216162199b28c13a410421893ffa2e32 -> 
  custom:SearchIndexIgnoredProperties: e643bd26f0fe6173181afceb89e7c659 -> 
  custom:container-demuxer-ogg: 62fdf1f143b41e24485cea50d1cbac27 -> 
  custom:video-decoder-webm-vp8: 9c59270c3fd7afecdb556c50c9e8de78 -> 
  custom:audio-decoder-ogg-vorbis: bf7c407c2cedff20999df2af8eb42d56 -> 
========================================================================
Received Import Request.
  Time since last request: 42.165991 seconds.
  path: Assets/jiaoben/FollowTarget.cs
  artifactKey: Guid(221f9ec2f771fde4996ecd0f90413552) Importer(815301076,1909f56bfc062723c751e8b465ee728b)
Number of updated assets reloaded before import = 0
Start importing Assets/jiaoben/FollowTarget.cs using Guid(221f9ec2f771fde4996ecd0f90413552) Importer(815301076,1909f56bfc062723c751e8b465ee728b)  -> (artifact id: '13bef52f8d9de3e5e4edd9d8972fdcae') in 0.047022 seconds 
Number of asset objects unloaded after import = 0
========================================================================
Received Prepare
Registering precompiled user dll's ...
Registered in 0.005605 seconds.
Begin MonoManager ReloadAssembly
Native extension for WindowsStandalone target not found
Refreshing native plugins compatible for Editor in 0.46 ms, found 3 plugins.
Preloading 0 native plugins for Editor in 0.00 ms.
[Package Manager] Server::EnsureServerProcessIsRunning -- launch failed, reason: Unity was launched with the -noUpm command-line argument
[Package Manager] Cannot connect to Unity Package Manager local server
Mono: successfully reloaded assembly
- Completed reload, in  1.042 seconds
Domain Reload Profiling:
	ReloadAssembly (1043ms)
		BeginReloadAssembly (98ms)
			ExecutionOrderSort (0ms)
			DisableScriptedObjects (3ms)
			BackupInstance (0ms)
			ReleaseScriptingObjects (0ms)
			CreateAndSetChildDomain (20ms)
		EndReloadAssembly (882ms)
			LoadAssemblies (68ms)
			RebuildTransferFunctionScriptingTraits (0ms)
			SetupTypeCache (129ms)
			ReleaseScriptCaches (2ms)
			RebuildScriptCaches (26ms)
			SetupLoadedEditorAssemblies (642ms)
				LogAssemblyErrors (0ms)
				InitializePlatformSupportModulesInManaged (4ms)
				SetLoadedEditorAssemblies (0ms)
				RefreshPlugins (1ms)
				BeforeProcessingInitializeOnLoad (34ms)
				ProcessInitializeOnLoadAttributes (579ms)
				ProcessInitializeOnLoadMethodAttributes (16ms)
				AfterProcessingInitializeOnLoad (8ms)
				EditorAssembliesLoaded (0ms)
			ExecutionOrderSort2 (0ms)
			AwakeInstancesAfterBackupRestoration (6ms)
Platform modules already initialized, skipping
Refreshing native plugins compatible for Editor in 0.61 ms, found 3 plugins.
Preloading 0 native plugins for Editor in 0.00 ms.
Unloading 2960 Unused Serialized files (Serialized files now loaded: 0)
Unloading 18 unused Assets / (22.0 KB). Loaded Objects now: 3504.
Memory consumption went from 124.1 MB to 124.1 MB.
Total: 2.402700 ms (FindLiveObjects: 0.185300 ms CreateObjectMapping: 0.068600 ms MarkObjects: 2.130500 ms  DeleteObjects: 0.017300 ms)

AssetImportParameters requested are different than current active one (requested -> active):
  custom:video-decoder-ogg-theora: a1e56fd34408186e4bbccfd4996cb3dc -> 
  custom:container-muxer-webm: aa71ff27fc2769a1b78a27578f13a17b -> 
  custom:container-demuxer-webm: 4f35f7cbe854078d1ac9338744f61a02 -> 
  custom:video-encoder-webm-vp8: eb34c28f22e8b96e1ab97ce403110664 -> 
  custom:video-codec-MediaFoundation-h265: 746d11721c4dcdbdad8f713fa42b33f4 -> 
  custom:CustomObjectIndexerAttribute: bc11b3a6c3213fcdd17b65e7da85e133 -> 
  custom:audio-encoder-webm-vorbis: bf7c407c2cedff20999df2af8eb42d56 -> 
  custom:framework-win-MediaFoundation: 216162199b28c13a410421893ffa2e32 -> 
  custom:SearchIndexIgnoredProperties: e643bd26f0fe6173181afceb89e7c659 -> 
  custom:container-demuxer-ogg: 62fdf1f143b41e24485cea50d1cbac27 -> 
  custom:video-decoder-webm-vp8: 9c59270c3fd7afecdb556c50c9e8de78 -> 
  custom:audio-decoder-ogg-vorbis: bf7c407c2cedff20999df2af8eb42d56 -> 
========================================================================
Received Prepare
Registering precompiled user dll's ...
Registered in 0.004820 seconds.
Begin MonoManager ReloadAssembly
Native extension for WindowsStandalone target not found
Refreshing native plugins compatible for Editor in 0.45 ms, found 3 plugins.
Preloading 0 native plugins for Editor in 0.00 ms.
[Package Manager] Server::EnsureServerProcessIsRunning -- launch failed, reason: Unity was launched with the -noUpm command-line argument
[Package Manager] Cannot connect to Unity Package Manager local server
Mono: successfully reloaded assembly
- Completed reload, in  0.988 seconds
Domain Reload Profiling:
	ReloadAssembly (988ms)
		BeginReloadAssembly (100ms)
			ExecutionOrderSort (0ms)
			DisableScriptedObjects (3ms)
			BackupInstance (0ms)
			ReleaseScriptingObjects (0ms)
			CreateAndSetChildDomain (22ms)
		EndReloadAssembly (827ms)
			LoadAssemblies (65ms)
			RebuildTransferFunctionScriptingTraits (0ms)
			SetupTypeCache (136ms)
			ReleaseScriptCaches (1ms)
			RebuildScriptCaches (27ms)
			SetupLoadedEditorAssemblies (591ms)
				LogAssemblyErrors (0ms)
				InitializePlatformSupportModulesInManaged (5ms)
				SetLoadedEditorAssemblies (0ms)
				RefreshPlugins (0ms)
				BeforeProcessingInitializeOnLoad (29ms)
				ProcessInitializeOnLoadAttributes (533ms)
				ProcessInitializeOnLoadMethodAttributes (15ms)
				AfterProcessingInitializeOnLoad (9ms)
				EditorAssembliesLoaded (0ms)
			ExecutionOrderSort2 (0ms)
			AwakeInstancesAfterBackupRestoration (6ms)
Platform modules already initialized, skipping
Refreshing native plugins compatible for Editor in 0.80 ms, found 3 plugins.
Preloading 0 native plugins for Editor in 0.00 ms.
Unloading 2960 Unused Serialized files (Serialized files now loaded: 0)
Unloading 18 unused Assets / (22.0 KB). Loaded Objects now: 3507.
Memory consumption went from 124.1 MB to 124.1 MB.
Total: 2.223100 ms (FindLiveObjects: 0.160600 ms CreateObjectMapping: 0.049500 ms MarkObjects: 1.990200 ms  DeleteObjects: 0.021600 ms)

AssetImportParameters requested are different than current active one (requested -> active):
  custom:video-decoder-ogg-theora: a1e56fd34408186e4bbccfd4996cb3dc -> 
  custom:container-muxer-webm: aa71ff27fc2769a1b78a27578f13a17b -> 
  custom:container-demuxer-webm: 4f35f7cbe854078d1ac9338744f61a02 -> 
  custom:video-encoder-webm-vp8: eb34c28f22e8b96e1ab97ce403110664 -> 
  custom:video-codec-MediaFoundation-h265: 746d11721c4dcdbdad8f713fa42b33f4 -> 
  custom:CustomObjectIndexerAttribute: bc11b3a6c3213fcdd17b65e7da85e133 -> 
  custom:audio-encoder-webm-vorbis: bf7c407c2cedff20999df2af8eb42d56 -> 
  custom:framework-win-MediaFoundation: 216162199b28c13a410421893ffa2e32 -> 
  custom:SearchIndexIgnoredProperties: e643bd26f0fe6173181afceb89e7c659 -> 
  custom:container-demuxer-ogg: 62fdf1f143b41e24485cea50d1cbac27 -> 
  custom:video-decoder-webm-vp8: 9c59270c3fd7afecdb556c50c9e8de78 -> 
  custom:audio-decoder-ogg-vorbis: bf7c407c2cedff20999df2af8eb42d56 -> 
========================================================================
Received Prepare
Registering precompiled user dll's ...
Registered in 0.003313 seconds.
Begin MonoManager ReloadAssembly
Native extension for WindowsStandalone target not found
Refreshing native plugins compatible for Editor in 0.61 ms, found 3 plugins.
Preloading 0 native plugins for Editor in 0.00 ms.
[Package Manager] Server::EnsureServerProcessIsRunning -- launch failed, reason: Unity was launched with the -noUpm command-line argument
[Package Manager] Cannot connect to Unity Package Manager local server
Mono: successfully reloaded assembly
- Completed reload, in  0.989 seconds
Domain Reload Profiling:
	ReloadAssembly (989ms)
		BeginReloadAssembly (97ms)
			ExecutionOrderSort (0ms)
			DisableScriptedObjects (3ms)
			BackupInstance (0ms)
			ReleaseScriptingObjects (0ms)
			CreateAndSetChildDomain (17ms)
		EndReloadAssembly (834ms)
			LoadAssemblies (70ms)
			RebuildTransferFunctionScriptingTraits (0ms)
			SetupTypeCache (133ms)
			ReleaseScriptCaches (1ms)
			RebuildScriptCaches (24ms)
			SetupLoadedEditorAssemblies (597ms)
				LogAssemblyErrors (0ms)
				InitializePlatformSupportModulesInManaged (4ms)
				SetLoadedEditorAssemblies (0ms)
				RefreshPlugins (1ms)
				BeforeProcessingInitializeOnLoad (36ms)
				ProcessInitializeOnLoadAttributes (532ms)
				ProcessInitializeOnLoadMethodAttributes (16ms)
				AfterProcessingInitializeOnLoad (8ms)
				EditorAssembliesLoaded (0ms)
			ExecutionOrderSort2 (0ms)
			AwakeInstancesAfterBackupRestoration (7ms)
Platform modules already initialized, skipping
Refreshing native plugins compatible for Editor in 0.71 ms, found 3 plugins.
Preloading 0 native plugins for Editor in 0.00 ms.
Unloading 2960 Unused Serialized files (Serialized files now loaded: 0)
Unloading 18 unused Assets / (22.0 KB). Loaded Objects now: 3510.
Memory consumption went from 124.1 MB to 124.1 MB.
Total: 2.376000 ms (FindLiveObjects: 0.161000 ms CreateObjectMapping: 0.049200 ms MarkObjects: 2.146900 ms  DeleteObjects: 0.018000 ms)

AssetImportParameters requested are different than current active one (requested -> active):
  custom:video-decoder-ogg-theora: a1e56fd34408186e4bbccfd4996cb3dc -> 
  custom:container-muxer-webm: aa71ff27fc2769a1b78a27578f13a17b -> 
  custom:container-demuxer-webm: 4f35f7cbe854078d1ac9338744f61a02 -> 
  custom:video-encoder-webm-vp8: eb34c28f22e8b96e1ab97ce403110664 -> 
  custom:video-codec-MediaFoundation-h265: 746d11721c4dcdbdad8f713fa42b33f4 -> 
  custom:CustomObjectIndexerAttribute: bc11b3a6c3213fcdd17b65e7da85e133 -> 
  custom:audio-encoder-webm-vorbis: bf7c407c2cedff20999df2af8eb42d56 -> 
  custom:framework-win-MediaFoundation: 216162199b28c13a410421893ffa2e32 -> 
  custom:SearchIndexIgnoredProperties: e643bd26f0fe6173181afceb89e7c659 -> 
  custom:container-demuxer-ogg: 62fdf1f143b41e24485cea50d1cbac27 -> 
  custom:video-decoder-webm-vp8: 9c59270c3fd7afecdb556c50c9e8de78 -> 
  custom:audio-decoder-ogg-vorbis: bf7c407c2cedff20999df2af8eb42d56 -> 
========================================================================
Received Prepare
Registering precompiled user dll's ...
Registered in 0.003397 seconds.
Begin MonoManager ReloadAssembly
Native extension for WindowsStandalone target not found
Refreshing native plugins compatible for Editor in 0.45 ms, found 3 plugins.
Preloading 0 native plugins for Editor in 0.00 ms.
[Package Manager] Server::EnsureServerProcessIsRunning -- launch failed, reason: Unity was launched with the -noUpm command-line argument
[Package Manager] Cannot connect to Unity Package Manager local server
Mono: successfully reloaded assembly
- Completed reload, in  0.978 seconds
Domain Reload Profiling:
	ReloadAssembly (979ms)
		BeginReloadAssembly (98ms)
			ExecutionOrderSort (0ms)
			DisableScriptedObjects (3ms)
			BackupInstance (0ms)
			ReleaseScriptingObjects (0ms)
			CreateAndSetChildDomain (22ms)
		EndReloadAssembly (814ms)
			LoadAssemblies (64ms)
			RebuildTransferFunctionScriptingTraits (0ms)
			SetupTypeCache (127ms)
			ReleaseScriptCaches (1ms)
			RebuildScriptCaches (26ms)
			SetupLoadedEditorAssemblies (585ms)
				LogAssemblyErrors (0ms)
				InitializePlatformSupportModulesInManaged (5ms)
				SetLoadedEditorAssemblies (0ms)
				RefreshPlugins (0ms)
				BeforeProcessingInitializeOnLoad (30ms)
				ProcessInitializeOnLoadAttributes (527ms)
				ProcessInitializeOnLoadMethodAttributes (15ms)
				AfterProcessingInitializeOnLoad (7ms)
				EditorAssembliesLoaded (0ms)
			ExecutionOrderSort2 (0ms)
			AwakeInstancesAfterBackupRestoration (6ms)
Platform modules already initialized, skipping
Refreshing native plugins compatible for Editor in 1.02 ms, found 3 plugins.
Preloading 0 native plugins for Editor in 0.00 ms.
Unloading 2960 Unused Serialized files (Serialized files now loaded: 0)
Unloading 18 unused Assets / (22.0 KB). Loaded Objects now: 3513.
Memory consumption went from 124.1 MB to 124.1 MB.
Total: 2.634300 ms (FindLiveObjects: 0.211700 ms CreateObjectMapping: 0.054300 ms MarkObjects: 2.337800 ms  DeleteObjects: 0.029400 ms)

AssetImportParameters requested are different than current active one (requested -> active):
  custom:video-decoder-ogg-theora: a1e56fd34408186e4bbccfd4996cb3dc -> 
  custom:container-muxer-webm: aa71ff27fc2769a1b78a27578f13a17b -> 
  custom:container-demuxer-webm: 4f35f7cbe854078d1ac9338744f61a02 -> 
  custom:video-encoder-webm-vp8: eb34c28f22e8b96e1ab97ce403110664 -> 
  custom:video-codec-MediaFoundation-h265: 746d11721c4dcdbdad8f713fa42b33f4 -> 
  custom:CustomObjectIndexerAttribute: bc11b3a6c3213fcdd17b65e7da85e133 -> 
  custom:audio-encoder-webm-vorbis: bf7c407c2cedff20999df2af8eb42d56 -> 
  custom:framework-win-MediaFoundation: 216162199b28c13a410421893ffa2e32 -> 
  custom:SearchIndexIgnoredProperties: e643bd26f0fe6173181afceb89e7c659 -> 
  custom:container-demuxer-ogg: 62fdf1f143b41e24485cea50d1cbac27 -> 
  custom:video-decoder-webm-vp8: 9c59270c3fd7afecdb556c50c9e8de78 -> 
  custom:audio-decoder-ogg-vorbis: bf7c407c2cedff20999df2af8eb42d56 -> 
========================================================================
Received Prepare
Registering precompiled user dll's ...
Registered in 0.005131 seconds.
Begin MonoManager ReloadAssembly
Native extension for WindowsStandalone target not found
Refreshing native plugins compatible for Editor in 0.59 ms, found 3 plugins.
Preloading 0 native plugins for Editor in 0.00 ms.
[Package Manager] Server::EnsureServerProcessIsRunning -- launch failed, reason: Unity was launched with the -noUpm command-line argument
[Package Manager] Cannot connect to Unity Package Manager local server
Mono: successfully reloaded assembly
- Completed reload, in  0.978 seconds
Domain Reload Profiling:
	ReloadAssembly (979ms)
		BeginReloadAssembly (96ms)
			ExecutionOrderSort (0ms)
			DisableScriptedObjects (3ms)
			BackupInstance (0ms)
			ReleaseScriptingObjects (0ms)
			CreateAndSetChildDomain (21ms)
		EndReloadAssembly (820ms)
			LoadAssemblies (61ms)
			RebuildTransferFunctionScriptingTraits (0ms)
			SetupTypeCache (135ms)
			ReleaseScriptCaches (1ms)
			RebuildScriptCaches (23ms)
			SetupLoadedEditorAssemblies (586ms)
				LogAssemblyErrors (0ms)
				InitializePlatformSupportModulesInManaged (4ms)
				SetLoadedEditorAssemblies (0ms)
				RefreshPlugins (1ms)
				BeforeProcessingInitializeOnLoad (32ms)
				ProcessInitializeOnLoadAttributes (525ms)
				ProcessInitializeOnLoadMethodAttributes (17ms)
				AfterProcessingInitializeOnLoad (7ms)
				EditorAssembliesLoaded (0ms)
			ExecutionOrderSort2 (0ms)
			AwakeInstancesAfterBackupRestoration (6ms)
Platform modules already initialized, skipping
Refreshing native plugins compatible for Editor in 0.57 ms, found 3 plugins.
Preloading 0 native plugins for Editor in 0.00 ms.
Unloading 2960 Unused Serialized files (Serialized files now loaded: 0)
Unloading 18 unused Assets / (22.0 KB). Loaded Objects now: 3516.
Memory consumption went from 124.1 MB to 124.1 MB.
Total: 2.343200 ms (FindLiveObjects: 0.176000 ms CreateObjectMapping: 0.059100 ms MarkObjects: 2.084200 ms  DeleteObjects: 0.022700 ms)

AssetImportParameters requested are different than current active one (requested -> active):
  custom:video-decoder-ogg-theora: a1e56fd34408186e4bbccfd4996cb3dc -> 
  custom:container-muxer-webm: aa71ff27fc2769a1b78a27578f13a17b -> 
  custom:container-demuxer-webm: 4f35f7cbe854078d1ac9338744f61a02 -> 
  custom:video-encoder-webm-vp8: eb34c28f22e8b96e1ab97ce403110664 -> 
  custom:video-codec-MediaFoundation-h265: 746d11721c4dcdbdad8f713fa42b33f4 -> 
  custom:CustomObjectIndexerAttribute: bc11b3a6c3213fcdd17b65e7da85e133 -> 
  custom:audio-encoder-webm-vorbis: bf7c407c2cedff20999df2af8eb42d56 -> 
  custom:framework-win-MediaFoundation: 216162199b28c13a410421893ffa2e32 -> 
  custom:SearchIndexIgnoredProperties: e643bd26f0fe6173181afceb89e7c659 -> 
  custom:container-demuxer-ogg: 62fdf1f143b41e24485cea50d1cbac27 -> 
  custom:video-decoder-webm-vp8: 9c59270c3fd7afecdb556c50c9e8de78 -> 
  custom:audio-decoder-ogg-vorbis: bf7c407c2cedff20999df2af8eb42d56 -> 
========================================================================
Received Prepare
Registering precompiled user dll's ...
Registered in 0.003781 seconds.
Begin MonoManager ReloadAssembly
Native extension for WindowsStandalone target not found
Refreshing native plugins compatible for Editor in 0.64 ms, found 3 plugins.
Preloading 0 native plugins for Editor in 0.00 ms.
[Package Manager] Server::EnsureServerProcessIsRunning -- launch failed, reason: Unity was launched with the -noUpm command-line argument
[Package Manager] Cannot connect to Unity Package Manager local server
Mono: successfully reloaded assembly
- Completed reload, in  1.007 seconds
Domain Reload Profiling:
	ReloadAssembly (1008ms)
		BeginReloadAssembly (106ms)
			ExecutionOrderSort (0ms)
			DisableScriptedObjects (3ms)
			BackupInstance (0ms)
			ReleaseScriptingObjects (0ms)
			CreateAndSetChildDomain (18ms)
		EndReloadAssembly (843ms)
			LoadAssemblies (80ms)
			RebuildTransferFunctionScriptingTraits (0ms)
			SetupTypeCache (121ms)
			ReleaseScriptCaches (1ms)
			RebuildScriptCaches (24ms)
			SetupLoadedEditorAssemblies (613ms)
				LogAssemblyErrors (0ms)
				InitializePlatformSupportModulesInManaged (5ms)
				SetLoadedEditorAssemblies (0ms)
				RefreshPlugins (1ms)
				BeforeProcessingInitializeOnLoad (35ms)
				ProcessInitializeOnLoadAttributes (546ms)
				ProcessInitializeOnLoadMethodAttributes (17ms)
				AfterProcessingInitializeOnLoad (9ms)
				EditorAssembliesLoaded (0ms)
			ExecutionOrderSort2 (0ms)
			AwakeInstancesAfterBackupRestoration (7ms)
Platform modules already initialized, skipping
Refreshing native plugins compatible for Editor in 0.61 ms, found 3 plugins.
Preloading 0 native plugins for Editor in 0.00 ms.
Unloading 2960 Unused Serialized files (Serialized files now loaded: 0)
Unloading 18 unused Assets / (22.0 KB). Loaded Objects now: 3519.
Memory consumption went from 124.2 MB to 124.1 MB.
Total: 2.373800 ms (FindLiveObjects: 0.161000 ms CreateObjectMapping: 0.051400 ms MarkObjects: 2.138800 ms  DeleteObjects: 0.021500 ms)

AssetImportParameters requested are different than current active one (requested -> active):
  custom:video-decoder-ogg-theora: a1e56fd34408186e4bbccfd4996cb3dc -> 
  custom:container-muxer-webm: aa71ff27fc2769a1b78a27578f13a17b -> 
  custom:container-demuxer-webm: 4f35f7cbe854078d1ac9338744f61a02 -> 
  custom:video-encoder-webm-vp8: eb34c28f22e8b96e1ab97ce403110664 -> 
  custom:video-codec-MediaFoundation-h265: 746d11721c4dcdbdad8f713fa42b33f4 -> 
  custom:CustomObjectIndexerAttribute: bc11b3a6c3213fcdd17b65e7da85e133 -> 
  custom:audio-encoder-webm-vorbis: bf7c407c2cedff20999df2af8eb42d56 -> 
  custom:framework-win-MediaFoundation: 216162199b28c13a410421893ffa2e32 -> 
  custom:SearchIndexIgnoredProperties: e643bd26f0fe6173181afceb89e7c659 -> 
  custom:container-demuxer-ogg: 62fdf1f143b41e24485cea50d1cbac27 -> 
  custom:video-decoder-webm-vp8: 9c59270c3fd7afecdb556c50c9e8de78 -> 
  custom:audio-decoder-ogg-vorbis: bf7c407c2cedff20999df2af8eb42d56 -> 
========================================================================
Received Prepare
Registering precompiled user dll's ...
Registered in 0.003481 seconds.
Begin MonoManager ReloadAssembly
Native extension for WindowsStandalone target not found
Refreshing native plugins compatible for Editor in 0.54 ms, found 3 plugins.
Preloading 0 native plugins for Editor in 0.00 ms.
[Package Manager] Server::EnsureServerProcessIsRunning -- launch failed, reason: Unity was launched with the -noUpm command-line argument
[Package Manager] Cannot connect to Unity Package Manager local server
Mono: successfully reloaded assembly
- Completed reload, in  1.005 seconds
Domain Reload Profiling:
	ReloadAssembly (1005ms)
		BeginReloadAssembly (92ms)
			ExecutionOrderSort (0ms)
			DisableScriptedObjects (2ms)
			BackupInstance (0ms)
			ReleaseScriptingObjects (0ms)
			CreateAndSetChildDomain (17ms)
		EndReloadAssembly (842ms)
			LoadAssemblies (65ms)
			RebuildTransferFunctionScriptingTraits (0ms)
			SetupTypeCache (121ms)
			ReleaseScriptCaches (1ms)
			RebuildScriptCaches (28ms)
			SetupLoadedEditorAssemblies (613ms)
				LogAssemblyErrors (0ms)
				InitializePlatformSupportModulesInManaged (5ms)
				SetLoadedEditorAssemblies (0ms)
				RefreshPlugins (1ms)
				BeforeProcessingInitializeOnLoad (33ms)
				ProcessInitializeOnLoadAttributes (544ms)
				ProcessInitializeOnLoadMethodAttributes (19ms)
				AfterProcessingInitializeOnLoad (10ms)
				EditorAssembliesLoaded (0ms)
			ExecutionOrderSort2 (0ms)
			AwakeInstancesAfterBackupRestoration (6ms)
Platform modules already initialized, skipping
Refreshing native plugins compatible for Editor in 0.56 ms, found 3 plugins.
Preloading 0 native plugins for Editor in 0.00 ms.
Unloading 2960 Unused Serialized files (Serialized files now loaded: 0)
Unloading 18 unused Assets / (22.0 KB). Loaded Objects now: 3522.
Memory consumption went from 124.2 MB to 124.1 MB.
Total: 2.551800 ms (FindLiveObjects: 0.189700 ms CreateObjectMapping: 0.051000 ms MarkObjects: 2.289100 ms  DeleteObjects: 0.020900 ms)

AssetImportParameters requested are different than current active one (requested -> active):
  custom:video-decoder-ogg-theora: a1e56fd34408186e4bbccfd4996cb3dc -> 
  custom:container-muxer-webm: aa71ff27fc2769a1b78a27578f13a17b -> 
  custom:container-demuxer-webm: 4f35f7cbe854078d1ac9338744f61a02 -> 
  custom:video-encoder-webm-vp8: eb34c28f22e8b96e1ab97ce403110664 -> 
  custom:video-codec-MediaFoundation-h265: 746d11721c4dcdbdad8f713fa42b33f4 -> 
  custom:CustomObjectIndexerAttribute: bc11b3a6c3213fcdd17b65e7da85e133 -> 
  custom:audio-encoder-webm-vorbis: bf7c407c2cedff20999df2af8eb42d56 -> 
  custom:framework-win-MediaFoundation: 216162199b28c13a410421893ffa2e32 -> 
  custom:SearchIndexIgnoredProperties: e643bd26f0fe6173181afceb89e7c659 -> 
  custom:container-demuxer-ogg: 62fdf1f143b41e24485cea50d1cbac27 -> 
  custom:video-decoder-webm-vp8: 9c59270c3fd7afecdb556c50c9e8de78 -> 
  custom:audio-decoder-ogg-vorbis: bf7c407c2cedff20999df2af8eb42d56 -> 
========================================================================
Received Prepare
Registering precompiled user dll's ...
Registered in 0.003586 seconds.
Begin MonoManager ReloadAssembly
Native extension for WindowsStandalone target not found
Refreshing native plugins compatible for Editor in 0.47 ms, found 3 plugins.
Preloading 0 native plugins for Editor in 0.00 ms.
[Package Manager] Server::EnsureServerProcessIsRunning -- launch failed, reason: Unity was launched with the -noUpm command-line argument
[Package Manager] Cannot connect to Unity Package Manager local server
Mono: successfully reloaded assembly
- Completed reload, in  0.992 seconds
Domain Reload Profiling:
	ReloadAssembly (992ms)
		BeginReloadAssembly (97ms)
			ExecutionOrderSort (0ms)
			DisableScriptedObjects (4ms)
			BackupInstance (0ms)
			ReleaseScriptingObjects (0ms)
			CreateAndSetChildDomain (17ms)
		EndReloadAssembly (827ms)
			LoadAssemblies (66ms)
			RebuildTransferFunctionScriptingTraits (0ms)
			SetupTypeCache (118ms)
			ReleaseScriptCaches (1ms)
			RebuildScriptCaches (25ms)
			SetupLoadedEditorAssemblies (607ms)
				LogAssemblyErrors (0ms)
				InitializePlatformSupportModulesInManaged (4ms)
				SetLoadedEditorAssemblies (0ms)
				RefreshPlugins (1ms)
				BeforeProcessingInitializeOnLoad (34ms)
				ProcessInitializeOnLoadAttributes (543ms)
				ProcessInitializeOnLoadMethodAttributes (17ms)
				AfterProcessingInitializeOnLoad (8ms)
				EditorAssembliesLoaded (0ms)
			ExecutionOrderSort2 (0ms)
			AwakeInstancesAfterBackupRestoration (6ms)
Platform modules already initialized, skipping
Refreshing native plugins compatible for Editor in 0.58 ms, found 3 plugins.
Preloading 0 native plugins for Editor in 0.00 ms.
Unloading 2960 Unused Serialized files (Serialized files now loaded: 0)
Unloading 18 unused Assets / (22.0 KB). Loaded Objects now: 3525.
Memory consumption went from 124.2 MB to 124.1 MB.
Total: 2.466600 ms (FindLiveObjects: 0.231000 ms CreateObjectMapping: 0.062700 ms MarkObjects: 2.149700 ms  DeleteObjects: 0.022100 ms)

AssetImportParameters requested are different than current active one (requested -> active):
  custom:video-decoder-ogg-theora: a1e56fd34408186e4bbccfd4996cb3dc -> 
  custom:container-muxer-webm: aa71ff27fc2769a1b78a27578f13a17b -> 
  custom:container-demuxer-webm: 4f35f7cbe854078d1ac9338744f61a02 -> 
  custom:video-encoder-webm-vp8: eb34c28f22e8b96e1ab97ce403110664 -> 
  custom:video-codec-MediaFoundation-h265: 746d11721c4dcdbdad8f713fa42b33f4 -> 
  custom:CustomObjectIndexerAttribute: bc11b3a6c3213fcdd17b65e7da85e133 -> 
  custom:audio-encoder-webm-vorbis: bf7c407c2cedff20999df2af8eb42d56 -> 
  custom:framework-win-MediaFoundation: 216162199b28c13a410421893ffa2e32 -> 
  custom:SearchIndexIgnoredProperties: e643bd26f0fe6173181afceb89e7c659 -> 
  custom:container-demuxer-ogg: 62fdf1f143b41e24485cea50d1cbac27 -> 
  custom:video-decoder-webm-vp8: 9c59270c3fd7afecdb556c50c9e8de78 -> 
  custom:audio-decoder-ogg-vorbis: bf7c407c2cedff20999df2af8eb42d56 -> 
========================================================================
Received Prepare
Registering precompiled user dll's ...
Registered in 0.003272 seconds.
Begin MonoManager ReloadAssembly
Native extension for WindowsStandalone target not found
Refreshing native plugins compatible for Editor in 0.56 ms, found 3 plugins.
Preloading 0 native plugins for Editor in 0.00 ms.
[Package Manager] Server::EnsureServerProcessIsRunning -- launch failed, reason: Unity was launched with the -noUpm command-line argument
[Package Manager] Cannot connect to Unity Package Manager local server
Mono: successfully reloaded assembly
- Completed reload, in  0.993 seconds
Domain Reload Profiling:
	ReloadAssembly (993ms)
		BeginReloadAssembly (95ms)
			ExecutionOrderSort (0ms)
			DisableScriptedObjects (3ms)
			BackupInstance (0ms)
			ReleaseScriptingObjects (0ms)
			CreateAndSetChildDomain (18ms)
		EndReloadAssembly (839ms)
			LoadAssemblies (66ms)
			RebuildTransferFunctionScriptingTraits (0ms)
			SetupTypeCache (122ms)
			ReleaseScriptCaches (1ms)
			RebuildScriptCaches (24ms)
			SetupLoadedEditorAssemblies (610ms)
				LogAssemblyErrors (0ms)
				InitializePlatformSupportModulesInManaged (4ms)
				SetLoadedEditorAssemblies (0ms)
				RefreshPlugins (1ms)
				BeforeProcessingInitializeOnLoad (36ms)
				ProcessInitializeOnLoadAttributes (544ms)
				ProcessInitializeOnLoadMethodAttributes (17ms)
				AfterProcessingInitializeOnLoad (8ms)
				EditorAssembliesLoaded (0ms)
			ExecutionOrderSort2 (0ms)
			AwakeInstancesAfterBackupRestoration (7ms)
Platform modules already initialized, skipping
Refreshing native plugins compatible for Editor in 0.73 ms, found 3 plugins.
Preloading 0 native plugins for Editor in 0.00 ms.
Unloading 2960 Unused Serialized files (Serialized files now loaded: 0)
Unloading 18 unused Assets / (21.9 KB). Loaded Objects now: 3528.
Memory consumption went from 124.2 MB to 124.2 MB.
Total: 2.614900 ms (FindLiveObjects: 0.190300 ms CreateObjectMapping: 0.049000 ms MarkObjects: 2.354200 ms  DeleteObjects: 0.020300 ms)

AssetImportParameters requested are different than current active one (requested -> active):
  custom:video-decoder-ogg-theora: a1e56fd34408186e4bbccfd4996cb3dc -> 
  custom:container-muxer-webm: aa71ff27fc2769a1b78a27578f13a17b -> 
  custom:container-demuxer-webm: 4f35f7cbe854078d1ac9338744f61a02 -> 
  custom:video-encoder-webm-vp8: eb34c28f22e8b96e1ab97ce403110664 -> 
  custom:video-codec-MediaFoundation-h265: 746d11721c4dcdbdad8f713fa42b33f4 -> 
  custom:CustomObjectIndexerAttribute: bc11b3a6c3213fcdd17b65e7da85e133 -> 
  custom:audio-encoder-webm-vorbis: bf7c407c2cedff20999df2af8eb42d56 -> 
  custom:framework-win-MediaFoundation: 216162199b28c13a410421893ffa2e32 -> 
  custom:SearchIndexIgnoredProperties: e643bd26f0fe6173181afceb89e7c659 -> 
  custom:container-demuxer-ogg: 62fdf1f143b41e24485cea50d1cbac27 -> 
  custom:video-decoder-webm-vp8: 9c59270c3fd7afecdb556c50c9e8de78 -> 
  custom:audio-decoder-ogg-vorbis: bf7c407c2cedff20999df2af8eb42d56 -> 
========================================================================
Received Import Request.
  Time since last request: 2327.178625 seconds.
  path: Assets/jiaoben/PlayerMovement.cs
  artifactKey: Guid(a5ecf5219318d654393f748762a07864) Importer(815301076,1909f56bfc062723c751e8b465ee728b)
Number of updated assets reloaded before import = 0
Start importing Assets/jiaoben/PlayerMovement.cs using Guid(a5ecf5219318d654393f748762a07864) Importer(815301076,1909f56bfc062723c751e8b465ee728b)  -> (artifact id: 'acea17cca05245d3029a7f51290f0e96') in 0.069137 seconds 
Number of asset objects unloaded after import = 0
========================================================================
Received Prepare
Registering precompiled user dll's ...
Registered in 0.006866 seconds.
Begin MonoManager ReloadAssembly
Native extension for WindowsStandalone target not found
Refreshing native plugins compatible for Editor in 0.88 ms, found 3 plugins.
Preloading 0 native plugins for Editor in 0.00 ms.
[Package Manager] Server::EnsureServerProcessIsRunning -- launch failed, reason: Unity was launched with the -noUpm command-line argument
[Package Manager] Cannot connect to Unity Package Manager local server
Mono: successfully reloaded assembly
- Completed reload, in  1.306 seconds
Domain Reload Profiling:
	ReloadAssembly (1307ms)
		BeginReloadAssembly (172ms)
			ExecutionOrderSort (0ms)
			DisableScriptedObjects (4ms)
			BackupInstance (0ms)
			ReleaseScriptingObjects (0ms)
			CreateAndSetChildDomain (35ms)
		EndReloadAssembly (1030ms)
			LoadAssemblies (126ms)
			RebuildTransferFunctionScriptingTraits (0ms)
			SetupTypeCache (218ms)
			ReleaseScriptCaches (1ms)
			RebuildScriptCaches (36ms)
			SetupLoadedEditorAssemblies (673ms)
				LogAssemblyErrors (0ms)
				InitializePlatformSupportModulesInManaged (4ms)
				SetLoadedEditorAssemblies (0ms)
				RefreshPlugins (1ms)
				BeforeProcessingInitializeOnLoad (49ms)
				ProcessInitializeOnLoadAttributes (591ms)
				ProcessInitializeOnLoadMethodAttributes (21ms)
				AfterProcessingInitializeOnLoad (6ms)
				EditorAssembliesLoaded (0ms)
			ExecutionOrderSort2 (0ms)
			AwakeInstancesAfterBackupRestoration (7ms)
Platform modules already initialized, skipping
Refreshing native plugins compatible for Editor in 0.58 ms, found 3 plugins.
Preloading 0 native plugins for Editor in 0.00 ms.
Unloading 2961 Unused Serialized files (Serialized files now loaded: 0)
Unloading 18 unused Assets / (22.0 KB). Loaded Objects now: 3532.
Memory consumption went from 124.2 MB to 124.2 MB.
Total: 3.623300 ms (FindLiveObjects: 0.284500 ms CreateObjectMapping: 0.081000 ms MarkObjects: 3.232300 ms  DeleteObjects: 0.024600 ms)

AssetImportParameters requested are different than current active one (requested -> active):
  custom:video-decoder-ogg-theora: a1e56fd34408186e4bbccfd4996cb3dc -> 
  custom:container-muxer-webm: aa71ff27fc2769a1b78a27578f13a17b -> 
  custom:container-demuxer-webm: 4f35f7cbe854078d1ac9338744f61a02 -> 
  custom:video-encoder-webm-vp8: eb34c28f22e8b96e1ab97ce403110664 -> 
  custom:video-codec-MediaFoundation-h265: 746d11721c4dcdbdad8f713fa42b33f4 -> 
  custom:CustomObjectIndexerAttribute: bc11b3a6c3213fcdd17b65e7da85e133 -> 
  custom:audio-encoder-webm-vorbis: bf7c407c2cedff20999df2af8eb42d56 -> 
  custom:framework-win-MediaFoundation: 216162199b28c13a410421893ffa2e32 -> 
  custom:SearchIndexIgnoredProperties: e643bd26f0fe6173181afceb89e7c659 -> 
  custom:container-demuxer-ogg: 62fdf1f143b41e24485cea50d1cbac27 -> 
  custom:video-decoder-webm-vp8: 9c59270c3fd7afecdb556c50c9e8de78 -> 
  custom:audio-decoder-ogg-vorbis: bf7c407c2cedff20999df2af8eb42d56 -> 
========================================================================
Received Prepare
Registering precompiled user dll's ...
Registered in 0.004854 seconds.
Begin MonoManager ReloadAssembly
Native extension for WindowsStandalone target not found
Refreshing native plugins compatible for Editor in 0.52 ms, found 3 plugins.
Preloading 0 native plugins for Editor in 0.00 ms.
[Package Manager] Server::EnsureServerProcessIsRunning -- launch failed, reason: Unity was launched with the -noUpm command-line argument
[Package Manager] Cannot connect to Unity Package Manager local server
Mono: successfully reloaded assembly
- Completed reload, in  1.263 seconds
Domain Reload Profiling:
	ReloadAssembly (1263ms)
		BeginReloadAssembly (132ms)
			ExecutionOrderSort (0ms)
			DisableScriptedObjects (6ms)
			BackupInstance (0ms)
			ReleaseScriptingObjects (0ms)
			CreateAndSetChildDomain (28ms)
		EndReloadAssembly (1032ms)
			LoadAssemblies (101ms)
			RebuildTransferFunctionScriptingTraits (0ms)
			SetupTypeCache (214ms)
			ReleaseScriptCaches (1ms)
			RebuildScriptCaches (45ms)
			SetupLoadedEditorAssemblies (658ms)
				LogAssemblyErrors (0ms)
				InitializePlatformSupportModulesInManaged (4ms)
				SetLoadedEditorAssemblies (0ms)
				RefreshPlugins (1ms)
				BeforeProcessingInitializeOnLoad (58ms)
				ProcessInitializeOnLoadAttributes (574ms)
				ProcessInitializeOnLoadMethodAttributes (16ms)
				AfterProcessingInitializeOnLoad (5ms)
				EditorAssembliesLoaded (0ms)
			ExecutionOrderSort2 (0ms)
			AwakeInstancesAfterBackupRestoration (5ms)
Platform modules already initialized, skipping
Refreshing native plugins compatible for Editor in 0.49 ms, found 3 plugins.
Preloading 0 native plugins for Editor in 0.00 ms.
Unloading 2961 Unused Serialized files (Serialized files now loaded: 0)
Unloading 18 unused Assets / (22.0 KB). Loaded Objects now: 3535.
Memory consumption went from 124.2 MB to 124.2 MB.
Total: 3.104700 ms (FindLiveObjects: 0.262300 ms CreateObjectMapping: 0.080100 ms MarkObjects: 2.738900 ms  DeleteObjects: 0.022300 ms)

AssetImportParameters requested are different than current active one (requested -> active):
  custom:video-decoder-ogg-theora: a1e56fd34408186e4bbccfd4996cb3dc -> 
  custom:container-muxer-webm: aa71ff27fc2769a1b78a27578f13a17b -> 
  custom:container-demuxer-webm: 4f35f7cbe854078d1ac9338744f61a02 -> 
  custom:video-encoder-webm-vp8: eb34c28f22e8b96e1ab97ce403110664 -> 
  custom:video-codec-MediaFoundation-h265: 746d11721c4dcdbdad8f713fa42b33f4 -> 
  custom:CustomObjectIndexerAttribute: bc11b3a6c3213fcdd17b65e7da85e133 -> 
  custom:audio-encoder-webm-vorbis: bf7c407c2cedff20999df2af8eb42d56 -> 
  custom:framework-win-MediaFoundation: 216162199b28c13a410421893ffa2e32 -> 
  custom:SearchIndexIgnoredProperties: e643bd26f0fe6173181afceb89e7c659 -> 
  custom:container-demuxer-ogg: 62fdf1f143b41e24485cea50d1cbac27 -> 
  custom:video-decoder-webm-vp8: 9c59270c3fd7afecdb556c50c9e8de78 -> 
  custom:audio-decoder-ogg-vorbis: bf7c407c2cedff20999df2af8eb42d56 -> 
========================================================================
Received Import Request.
  Time since last request: 17.221299 seconds.
  path: Assets/jiaoben/PlayerMovement.cs
  artifactKey: Guid(a5ecf5219318d654393f748762a07864) Importer(815301076,1909f56bfc062723c751e8b465ee728b)
Number of updated assets reloaded before import = 0
Start importing Assets/jiaoben/PlayerMovement.cs using Guid(a5ecf5219318d654393f748762a07864) Importer(815301076,1909f56bfc062723c751e8b465ee728b)  -> (artifact id: 'c011a1a6fb0fd3d1c2dc9d6795652ddc') in 0.010780 seconds 
Number of asset objects unloaded after import = 0
========================================================================
Received Import Request.
  Time since last request: 9.291355 seconds.
  path: Assets/jiaoben/ThirdPersonCameraFollow.cs
  artifactKey: Guid(7508a0d06ea3a844aa334b5095d2534f) Importer(815301076,1909f56bfc062723c751e8b465ee728b)
Number of updated assets reloaded before import = 0
Start importing Assets/jiaoben/ThirdPersonCameraFollow.cs using Guid(7508a0d06ea3a844aa334b5095d2534f) Importer(815301076,1909f56bfc062723c751e8b465ee728b)  -> (artifact id: 'f3f303a794f55ea67ba00b57e6db5479') in 0.012191 seconds 
Number of asset objects unloaded after import = 0
========================================================================
Received Prepare
Registering precompiled user dll's ...
Registered in 0.005021 seconds.
Begin MonoManager ReloadAssembly
Native extension for WindowsStandalone target not found
Refreshing native plugins compatible for Editor in 1.02 ms, found 3 plugins.
Preloading 0 native plugins for Editor in 0.00 ms.
[Package Manager] Server::EnsureServerProcessIsRunning -- launch failed, reason: Unity was launched with the -noUpm command-line argument
[Package Manager] Cannot connect to Unity Package Manager local server
Mono: successfully reloaded assembly
- Completed reload, in  1.160 seconds
Domain Reload Profiling:
	ReloadAssembly (1161ms)
		BeginReloadAssembly (134ms)
			ExecutionOrderSort (0ms)
			DisableScriptedObjects (4ms)
			BackupInstance (0ms)
			ReleaseScriptingObjects (0ms)
			CreateAndSetChildDomain (31ms)
		EndReloadAssembly (931ms)
			LoadAssemblies (90ms)
			RebuildTransferFunctionScriptingTraits (0ms)
			SetupTypeCache (189ms)
			ReleaseScriptCaches (1ms)
			RebuildScriptCaches (37ms)
			SetupLoadedEditorAssemblies (606ms)
				LogAssemblyErrors (0ms)
				InitializePlatformSupportModulesInManaged (7ms)
				SetLoadedEditorAssemblies (0ms)
				RefreshPlugins (1ms)
				BeforeProcessingInitializeOnLoad (39ms)
				ProcessInitializeOnLoadAttributes (537ms)
				ProcessInitializeOnLoadMethodAttributes (14ms)
				AfterProcessingInitializeOnLoad (7ms)
				EditorAssembliesLoaded (0ms)
			ExecutionOrderSort2 (0ms)
			AwakeInstancesAfterBackupRestoration (5ms)
Platform modules already initialized, skipping
Refreshing native plugins compatible for Editor in 0.87 ms, found 3 plugins.
Preloading 0 native plugins for Editor in 0.00 ms.
Unloading 2962 Unused Serialized files (Serialized files now loaded: 0)
Unloading 18 unused Assets / (21.9 KB). Loaded Objects now: 3539.
Memory consumption went from 124.2 MB to 124.2 MB.
Total: 3.444900 ms (FindLiveObjects: 0.291600 ms CreateObjectMapping: 0.083700 ms MarkObjects: 3.046000 ms  DeleteObjects: 0.022500 ms)

AssetImportParameters requested are different than current active one (requested -> active):
  custom:video-decoder-ogg-theora: a1e56fd34408186e4bbccfd4996cb3dc -> 
  custom:container-muxer-webm: aa71ff27fc2769a1b78a27578f13a17b -> 
  custom:container-demuxer-webm: 4f35f7cbe854078d1ac9338744f61a02 -> 
  custom:video-encoder-webm-vp8: eb34c28f22e8b96e1ab97ce403110664 -> 
  custom:video-codec-MediaFoundation-h265: 746d11721c4dcdbdad8f713fa42b33f4 -> 
  custom:CustomObjectIndexerAttribute: bc11b3a6c3213fcdd17b65e7da85e133 -> 
  custom:audio-encoder-webm-vorbis: bf7c407c2cedff20999df2af8eb42d56 -> 
  custom:framework-win-MediaFoundation: 216162199b28c13a410421893ffa2e32 -> 
  custom:SearchIndexIgnoredProperties: e643bd26f0fe6173181afceb89e7c659 -> 
  custom:container-demuxer-ogg: 62fdf1f143b41e24485cea50d1cbac27 -> 
  custom:video-decoder-webm-vp8: 9c59270c3fd7afecdb556c50c9e8de78 -> 
  custom:audio-decoder-ogg-vorbis: bf7c407c2cedff20999df2af8eb42d56 -> 
========================================================================
Received Prepare
Registering precompiled user dll's ...
Registered in 0.005735 seconds.
Begin MonoManager ReloadAssembly
Native extension for WindowsStandalone target not found
Refreshing native plugins compatible for Editor in 0.53 ms, found 3 plugins.
Preloading 0 native plugins for Editor in 0.00 ms.
[Package Manager] Server::EnsureServerProcessIsRunning -- launch failed, reason: Unity was launched with the -noUpm command-line argument
[Package Manager] Cannot connect to Unity Package Manager local server
Mono: successfully reloaded assembly
- Completed reload, in  1.126 seconds
Domain Reload Profiling:
	ReloadAssembly (1127ms)
		BeginReloadAssembly (121ms)
			ExecutionOrderSort (0ms)
			DisableScriptedObjects (3ms)
			BackupInstance (0ms)
			ReleaseScriptingObjects (0ms)
			CreateAndSetChildDomain (28ms)
		EndReloadAssembly (918ms)
			LoadAssemblies (80ms)
			RebuildTransferFunctionScriptingTraits (0ms)
			SetupTypeCache (184ms)
			ReleaseScriptCaches (1ms)
			RebuildScriptCaches (39ms)
			SetupLoadedEditorAssemblies (609ms)
				LogAssemblyErrors (0ms)
				InitializePlatformSupportModulesInManaged (6ms)
				SetLoadedEditorAssemblies (0ms)
				RefreshPlugins (1ms)
				BeforeProcessingInitializeOnLoad (43ms)
				ProcessInitializeOnLoadAttributes (542ms)
				ProcessInitializeOnLoadMethodAttributes (11ms)
				AfterProcessingInitializeOnLoad (6ms)
				EditorAssembliesLoaded (0ms)
			ExecutionOrderSort2 (0ms)
			AwakeInstancesAfterBackupRestoration (5ms)
Platform modules already initialized, skipping
Refreshing native plugins compatible for Editor in 0.68 ms, found 3 plugins.
Preloading 0 native plugins for Editor in 0.00 ms.
Unloading 2962 Unused Serialized files (Serialized files now loaded: 0)
Unloading 18 unused Assets / (21.9 KB). Loaded Objects now: 3542.
Memory consumption went from 124.3 MB to 124.2 MB.
Total: 4.530500 ms (FindLiveObjects: 0.267400 ms CreateObjectMapping: 0.088000 ms MarkObjects: 4.149800 ms  DeleteObjects: 0.024300 ms)

AssetImportParameters requested are different than current active one (requested -> active):
  custom:video-decoder-ogg-theora: a1e56fd34408186e4bbccfd4996cb3dc -> 
  custom:container-muxer-webm: aa71ff27fc2769a1b78a27578f13a17b -> 
  custom:container-demuxer-webm: 4f35f7cbe854078d1ac9338744f61a02 -> 
  custom:video-encoder-webm-vp8: eb34c28f22e8b96e1ab97ce403110664 -> 
  custom:video-codec-MediaFoundation-h265: 746d11721c4dcdbdad8f713fa42b33f4 -> 
  custom:CustomObjectIndexerAttribute: bc11b3a6c3213fcdd17b65e7da85e133 -> 
  custom:audio-encoder-webm-vorbis: bf7c407c2cedff20999df2af8eb42d56 -> 
  custom:framework-win-MediaFoundation: 216162199b28c13a410421893ffa2e32 -> 
  custom:SearchIndexIgnoredProperties: e643bd26f0fe6173181afceb89e7c659 -> 
  custom:container-demuxer-ogg: 62fdf1f143b41e24485cea50d1cbac27 -> 
  custom:video-decoder-webm-vp8: 9c59270c3fd7afecdb556c50c9e8de78 -> 
  custom:audio-decoder-ogg-vorbis: bf7c407c2cedff20999df2af8eb42d56 -> 
========================================================================
Received Prepare
Registering precompiled user dll's ...
Registered in 0.003077 seconds.
Begin MonoManager ReloadAssembly
Native extension for WindowsStandalone target not found
Refreshing native plugins compatible for Editor in 0.52 ms, found 3 plugins.
Preloading 0 native plugins for Editor in 0.00 ms.
[Package Manager] Server::EnsureServerProcessIsRunning -- launch failed, reason: Unity was launched with the -noUpm command-line argument
[Package Manager] Cannot connect to Unity Package Manager local server
Mono: successfully reloaded assembly
- Completed reload, in  0.985 seconds
Domain Reload Profiling:
	ReloadAssembly (986ms)
		BeginReloadAssembly (93ms)
			ExecutionOrderSort (0ms)
			DisableScriptedObjects (2ms)
			BackupInstance (0ms)
			ReleaseScriptingObjects (0ms)
			CreateAndSetChildDomain (18ms)
		EndReloadAssembly (835ms)
			LoadAssemblies (64ms)
			RebuildTransferFunctionScriptingTraits (0ms)
			SetupTypeCache (125ms)
			ReleaseScriptCaches (1ms)
			RebuildScriptCaches (25ms)
			SetupLoadedEditorAssemblies (605ms)
				LogAssemblyErrors (0ms)
				InitializePlatformSupportModulesInManaged (6ms)
				SetLoadedEditorAssemblies (0ms)
				RefreshPlugins (1ms)
				BeforeProcessingInitializeOnLoad (34ms)
				ProcessInitializeOnLoadAttributes (541ms)
				ProcessInitializeOnLoadMethodAttributes (17ms)
				AfterProcessingInitializeOnLoad (7ms)
				EditorAssembliesLoaded (0ms)
			ExecutionOrderSort2 (0ms)
			AwakeInstancesAfterBackupRestoration (5ms)
Platform modules already initialized, skipping
Refreshing native plugins compatible for Editor in 0.57 ms, found 3 plugins.
Preloading 0 native plugins for Editor in 0.00 ms.
Unloading 2962 Unused Serialized files (Serialized files now loaded: 0)
Unloading 18 unused Assets / (21.9 KB). Loaded Objects now: 3545.
Memory consumption went from 124.3 MB to 124.3 MB.
Total: 2.319800 ms (FindLiveObjects: 0.220200 ms CreateObjectMapping: 0.090000 ms MarkObjects: 1.988500 ms  DeleteObjects: 0.020300 ms)

AssetImportParameters requested are different than current active one (requested -> active):
  custom:video-decoder-ogg-theora: a1e56fd34408186e4bbccfd4996cb3dc -> 
  custom:container-muxer-webm: aa71ff27fc2769a1b78a27578f13a17b -> 
  custom:container-demuxer-webm: 4f35f7cbe854078d1ac9338744f61a02 -> 
  custom:video-encoder-webm-vp8: eb34c28f22e8b96e1ab97ce403110664 -> 
  custom:video-codec-MediaFoundation-h265: 746d11721c4dcdbdad8f713fa42b33f4 -> 
  custom:CustomObjectIndexerAttribute: bc11b3a6c3213fcdd17b65e7da85e133 -> 
  custom:audio-encoder-webm-vorbis: bf7c407c2cedff20999df2af8eb42d56 -> 
  custom:framework-win-MediaFoundation: 216162199b28c13a410421893ffa2e32 -> 
  custom:SearchIndexIgnoredProperties: e643bd26f0fe6173181afceb89e7c659 -> 
  custom:container-demuxer-ogg: 62fdf1f143b41e24485cea50d1cbac27 -> 
  custom:video-decoder-webm-vp8: 9c59270c3fd7afecdb556c50c9e8de78 -> 
  custom:audio-decoder-ogg-vorbis: bf7c407c2cedff20999df2af8eb42d56 -> 
========================================================================
Received Prepare
Registering precompiled user dll's ...
Registered in 0.003275 seconds.
Begin MonoManager ReloadAssembly
Native extension for WindowsStandalone target not found
Refreshing native plugins compatible for Editor in 0.53 ms, found 3 plugins.
Preloading 0 native plugins for Editor in 0.00 ms.
[Package Manager] Server::EnsureServerProcessIsRunning -- launch failed, reason: Unity was launched with the -noUpm command-line argument
[Package Manager] Cannot connect to Unity Package Manager local server
Mono: successfully reloaded assembly
- Completed reload, in  1.016 seconds
Domain Reload Profiling:
	ReloadAssembly (1017ms)
		BeginReloadAssembly (99ms)
			ExecutionOrderSort (0ms)
			DisableScriptedObjects (3ms)
			BackupInstance (0ms)
			ReleaseScriptingObjects (0ms)
			CreateAndSetChildDomain (20ms)
		EndReloadAssembly (860ms)
			LoadAssemblies (68ms)
			RebuildTransferFunctionScriptingTraits (0ms)
			SetupTypeCache (123ms)
			ReleaseScriptCaches (1ms)
			RebuildScriptCaches (24ms)
			SetupLoadedEditorAssemblies (634ms)
				LogAssemblyErrors (0ms)
				InitializePlatformSupportModulesInManaged (5ms)
				SetLoadedEditorAssemblies (0ms)
				RefreshPlugins (1ms)
				BeforeProcessingInitializeOnLoad (39ms)
				ProcessInitializeOnLoadAttributes (564ms)
				ProcessInitializeOnLoadMethodAttributes (16ms)
				AfterProcessingInitializeOnLoad (8ms)
				EditorAssembliesLoaded (0ms)
			ExecutionOrderSort2 (0ms)
			AwakeInstancesAfterBackupRestoration (6ms)
Platform modules already initialized, skipping
Refreshing native plugins compatible for Editor in 0.73 ms, found 3 plugins.
Preloading 0 native plugins for Editor in 0.00 ms.
Unloading 2962 Unused Serialized files (Serialized files now loaded: 0)
Unloading 18 unused Assets / (22.0 KB). Loaded Objects now: 3548.
Memory consumption went from 124.3 MB to 124.3 MB.
Total: 2.989600 ms (FindLiveObjects: 0.286700 ms CreateObjectMapping: 0.066000 ms MarkObjects: 2.611500 ms  DeleteObjects: 0.024000 ms)

AssetImportParameters requested are different than current active one (requested -> active):
  custom:video-decoder-ogg-theora: a1e56fd34408186e4bbccfd4996cb3dc -> 
  custom:container-muxer-webm: aa71ff27fc2769a1b78a27578f13a17b -> 
  custom:container-demuxer-webm: 4f35f7cbe854078d1ac9338744f61a02 -> 
  custom:video-encoder-webm-vp8: eb34c28f22e8b96e1ab97ce403110664 -> 
  custom:video-codec-MediaFoundation-h265: 746d11721c4dcdbdad8f713fa42b33f4 -> 
  custom:CustomObjectIndexerAttribute: bc11b3a6c3213fcdd17b65e7da85e133 -> 
  custom:audio-encoder-webm-vorbis: bf7c407c2cedff20999df2af8eb42d56 -> 
  custom:framework-win-MediaFoundation: 216162199b28c13a410421893ffa2e32 -> 
  custom:SearchIndexIgnoredProperties: e643bd26f0fe6173181afceb89e7c659 -> 
  custom:container-demuxer-ogg: 62fdf1f143b41e24485cea50d1cbac27 -> 
  custom:video-decoder-webm-vp8: 9c59270c3fd7afecdb556c50c9e8de78 -> 
  custom:audio-decoder-ogg-vorbis: bf7c407c2cedff20999df2af8eb42d56 -> 
========================================================================
Received Prepare
Registering precompiled user dll's ...
Registered in 0.003354 seconds.
Begin MonoManager ReloadAssembly
Native extension for WindowsStandalone target not found
Refreshing native plugins compatible for Editor in 0.63 ms, found 3 plugins.
Preloading 0 native plugins for Editor in 0.00 ms.
[Package Manager] Server::EnsureServerProcessIsRunning -- launch failed, reason: Unity was launched with the -noUpm command-line argument
[Package Manager] Cannot connect to Unity Package Manager local server
Mono: successfully reloaded assembly
- Completed reload, in  0.988 seconds
Domain Reload Profiling:
	ReloadAssembly (989ms)
		BeginReloadAssembly (96ms)
			ExecutionOrderSort (0ms)
			DisableScriptedObjects (2ms)
			BackupInstance (0ms)
			ReleaseScriptingObjects (0ms)
			CreateAndSetChildDomain (20ms)
		EndReloadAssembly (836ms)
			LoadAssemblies (66ms)
			RebuildTransferFunctionScriptingTraits (0ms)
			SetupTypeCache (123ms)
			ReleaseScriptCaches (1ms)
			RebuildScriptCaches (21ms)
			SetupLoadedEditorAssemblies (618ms)
				LogAssemblyErrors (0ms)
				InitializePlatformSupportModulesInManaged (4ms)
				SetLoadedEditorAssemblies (0ms)
				RefreshPlugins (1ms)
				BeforeProcessingInitializeOnLoad (34ms)
				ProcessInitializeOnLoadAttributes (542ms)
				ProcessInitializeOnLoadMethodAttributes (24ms)
				AfterProcessingInitializeOnLoad (12ms)
				EditorAssembliesLoaded (0ms)
			ExecutionOrderSort2 (0ms)
			AwakeInstancesAfterBackupRestoration (9ms)
Platform modules already initialized, skipping
Refreshing native plugins compatible for Editor in 0.63 ms, found 3 plugins.
Preloading 0 native plugins for Editor in 0.00 ms.
Unloading 2962 Unused Serialized files (Serialized files now loaded: 0)
Unloading 18 unused Assets / (22.0 KB). Loaded Objects now: 3551.
Memory consumption went from 124.3 MB to 124.3 MB.
Total: 2.635900 ms (FindLiveObjects: 0.198200 ms CreateObjectMapping: 0.067700 ms MarkObjects: 2.339600 ms  DeleteObjects: 0.029000 ms)

AssetImportParameters requested are different than current active one (requested -> active):
  custom:video-decoder-ogg-theora: a1e56fd34408186e4bbccfd4996cb3dc -> 
  custom:container-muxer-webm: aa71ff27fc2769a1b78a27578f13a17b -> 
  custom:container-demuxer-webm: 4f35f7cbe854078d1ac9338744f61a02 -> 
  custom:video-encoder-webm-vp8: eb34c28f22e8b96e1ab97ce403110664 -> 
  custom:video-codec-MediaFoundation-h265: 746d11721c4dcdbdad8f713fa42b33f4 -> 
  custom:CustomObjectIndexerAttribute: bc11b3a6c3213fcdd17b65e7da85e133 -> 
  custom:audio-encoder-webm-vorbis: bf7c407c2cedff20999df2af8eb42d56 -> 
  custom:framework-win-MediaFoundation: 216162199b28c13a410421893ffa2e32 -> 
  custom:SearchIndexIgnoredProperties: e643bd26f0fe6173181afceb89e7c659 -> 
  custom:container-demuxer-ogg: 62fdf1f143b41e24485cea50d1cbac27 -> 
  custom:video-decoder-webm-vp8: 9c59270c3fd7afecdb556c50c9e8de78 -> 
  custom:audio-decoder-ogg-vorbis: bf7c407c2cedff20999df2af8eb42d56 -> 
========================================================================
Received Prepare
Registering precompiled user dll's ...
Registered in 0.003328 seconds.
Begin MonoManager ReloadAssembly
Native extension for WindowsStandalone target not found
Refreshing native plugins compatible for Editor in 0.53 ms, found 3 plugins.
Preloading 0 native plugins for Editor in 0.00 ms.
[Package Manager] Server::EnsureServerProcessIsRunning -- launch failed, reason: Unity was launched with the -noUpm command-line argument
[Package Manager] Cannot connect to Unity Package Manager local server
Mono: successfully reloaded assembly
- Completed reload, in  1.015 seconds
Domain Reload Profiling:
	ReloadAssembly (1016ms)
		BeginReloadAssembly (91ms)
			ExecutionOrderSort (0ms)
			DisableScriptedObjects (2ms)
			BackupInstance (0ms)
			ReleaseScriptingObjects (0ms)
			CreateAndSetChildDomain (16ms)
		EndReloadAssembly (865ms)
			LoadAssemblies (62ms)
			RebuildTransferFunctionScriptingTraits (0ms)
			SetupTypeCache (122ms)
			ReleaseScriptCaches (1ms)
			RebuildScriptCaches (26ms)
			SetupLoadedEditorAssemblies (638ms)
				LogAssemblyErrors (0ms)
				InitializePlatformSupportModulesInManaged (5ms)
				SetLoadedEditorAssemblies (0ms)
				RefreshPlugins (1ms)
				BeforeProcessingInitializeOnLoad (45ms)
				ProcessInitializeOnLoadAttributes (563ms)
				ProcessInitializeOnLoadMethodAttributes (16ms)
				AfterProcessingInitializeOnLoad (8ms)
				EditorAssembliesLoaded (0ms)
			ExecutionOrderSort2 (0ms)
			AwakeInstancesAfterBackupRestoration (7ms)
Platform modules already initialized, skipping
Refreshing native plugins compatible for Editor in 0.69 ms, found 3 plugins.
Preloading 0 native plugins for Editor in 0.00 ms.
Unloading 2962 Unused Serialized files (Serialized files now loaded: 0)
Unloading 18 unused Assets / (21.9 KB). Loaded Objects now: 3554.
Memory consumption went from 124.3 MB to 124.3 MB.
Total: 2.564500 ms (FindLiveObjects: 0.211700 ms CreateObjectMapping: 0.064800 ms MarkObjects: 2.236400 ms  DeleteObjects: 0.041800 ms)

AssetImportParameters requested are different than current active one (requested -> active):
  custom:video-decoder-ogg-theora: a1e56fd34408186e4bbccfd4996cb3dc -> 
  custom:container-muxer-webm: aa71ff27fc2769a1b78a27578f13a17b -> 
  custom:container-demuxer-webm: 4f35f7cbe854078d1ac9338744f61a02 -> 
  custom:video-encoder-webm-vp8: eb34c28f22e8b96e1ab97ce403110664 -> 
  custom:video-codec-MediaFoundation-h265: 746d11721c4dcdbdad8f713fa42b33f4 -> 
  custom:CustomObjectIndexerAttribute: bc11b3a6c3213fcdd17b65e7da85e133 -> 
  custom:audio-encoder-webm-vorbis: bf7c407c2cedff20999df2af8eb42d56 -> 
  custom:framework-win-MediaFoundation: 216162199b28c13a410421893ffa2e32 -> 
  custom:SearchIndexIgnoredProperties: e643bd26f0fe6173181afceb89e7c659 -> 
  custom:container-demuxer-ogg: 62fdf1f143b41e24485cea50d1cbac27 -> 
  custom:video-decoder-webm-vp8: 9c59270c3fd7afecdb556c50c9e8de78 -> 
  custom:audio-decoder-ogg-vorbis: bf7c407c2cedff20999df2af8eb42d56 -> 
========================================================================
Received Prepare
Registering precompiled user dll's ...
Registered in 0.004905 seconds.
Begin MonoManager ReloadAssembly
Native extension for WindowsStandalone target not found
Refreshing native plugins compatible for Editor in 0.93 ms, found 3 plugins.
Preloading 0 native plugins for Editor in 0.00 ms.
[Package Manager] Server::EnsureServerProcessIsRunning -- launch failed, reason: Unity was launched with the -noUpm command-line argument
[Package Manager] Cannot connect to Unity Package Manager local server
Mono: successfully reloaded assembly
- Completed reload, in  1.119 seconds
Domain Reload Profiling:
	ReloadAssembly (1119ms)
		BeginReloadAssembly (110ms)
			ExecutionOrderSort (0ms)
			DisableScriptedObjects (2ms)
			BackupInstance (0ms)
			ReleaseScriptingObjects (0ms)
			CreateAndSetChildDomain (25ms)
		EndReloadAssembly (945ms)
			LoadAssemblies (76ms)
			RebuildTransferFunctionScriptingTraits (0ms)
			SetupTypeCache (157ms)
			ReleaseScriptCaches (1ms)
			RebuildScriptCaches (32ms)
			SetupLoadedEditorAssemblies (658ms)
				LogAssemblyErrors (0ms)
				InitializePlatformSupportModulesInManaged (5ms)
				SetLoadedEditorAssemblies (0ms)
				RefreshPlugins (1ms)
				BeforeProcessingInitializeOnLoad (44ms)
				ProcessInitializeOnLoadAttributes (578ms)
				ProcessInitializeOnLoadMethodAttributes (22ms)
				AfterProcessingInitializeOnLoad (8ms)
				EditorAssembliesLoaded (0ms)
			ExecutionOrderSort2 (0ms)
			AwakeInstancesAfterBackupRestoration (7ms)
Platform modules already initialized, skipping
Refreshing native plugins compatible for Editor in 0.59 ms, found 3 plugins.
Preloading 0 native plugins for Editor in 0.00 ms.
Unloading 2962 Unused Serialized files (Serialized files now loaded: 0)
Unloading 18 unused Assets / (22.0 KB). Loaded Objects now: 3557.
Memory consumption went from 124.3 MB to 124.3 MB.
Total: 2.857000 ms (FindLiveObjects: 0.236500 ms CreateObjectMapping: 0.071300 ms MarkObjects: 2.525300 ms  DeleteObjects: 0.022500 ms)

AssetImportParameters requested are different than current active one (requested -> active):
  custom:video-decoder-ogg-theora: a1e56fd34408186e4bbccfd4996cb3dc -> 
  custom:container-muxer-webm: aa71ff27fc2769a1b78a27578f13a17b -> 
  custom:container-demuxer-webm: 4f35f7cbe854078d1ac9338744f61a02 -> 
  custom:video-encoder-webm-vp8: eb34c28f22e8b96e1ab97ce403110664 -> 
  custom:video-codec-MediaFoundation-h265: 746d11721c4dcdbdad8f713fa42b33f4 -> 
  custom:CustomObjectIndexerAttribute: bc11b3a6c3213fcdd17b65e7da85e133 -> 
  custom:audio-encoder-webm-vorbis: bf7c407c2cedff20999df2af8eb42d56 -> 
  custom:framework-win-MediaFoundation: 216162199b28c13a410421893ffa2e32 -> 
  custom:SearchIndexIgnoredProperties: e643bd26f0fe6173181afceb89e7c659 -> 
  custom:container-demuxer-ogg: 62fdf1f143b41e24485cea50d1cbac27 -> 
  custom:video-decoder-webm-vp8: 9c59270c3fd7afecdb556c50c9e8de78 -> 
  custom:audio-decoder-ogg-vorbis: bf7c407c2cedff20999df2af8eb42d56 -> 
========================================================================
Received Prepare
Registering precompiled user dll's ...
Registered in 0.003460 seconds.
Begin MonoManager ReloadAssembly
Native extension for WindowsStandalone target not found
Refreshing native plugins compatible for Editor in 0.62 ms, found 3 plugins.
Preloading 0 native plugins for Editor in 0.00 ms.
[Package Manager] Server::EnsureServerProcessIsRunning -- launch failed, reason: Unity was launched with the -noUpm command-line argument
[Package Manager] Cannot connect to Unity Package Manager local server
Mono: successfully reloaded assembly
- Completed reload, in  1.002 seconds
Domain Reload Profiling:
	ReloadAssembly (1003ms)
		BeginReloadAssembly (107ms)
			ExecutionOrderSort (0ms)
			DisableScriptedObjects (3ms)
			BackupInstance (0ms)
			ReleaseScriptingObjects (0ms)
			CreateAndSetChildDomain (20ms)
		EndReloadAssembly (833ms)
			LoadAssemblies (76ms)
			RebuildTransferFunctionScriptingTraits (0ms)
			SetupTypeCache (130ms)
			ReleaseScriptCaches (2ms)
			RebuildScriptCaches (23ms)
			SetupLoadedEditorAssemblies (601ms)
				LogAssemblyErrors (0ms)
				InitializePlatformSupportModulesInManaged (5ms)
				SetLoadedEditorAssemblies (0ms)
				RefreshPlugins (1ms)
				BeforeProcessingInitializeOnLoad (37ms)
				ProcessInitializeOnLoadAttributes (534ms)
				ProcessInitializeOnLoadMethodAttributes (17ms)
				AfterProcessingInitializeOnLoad (7ms)
				EditorAssembliesLoaded (0ms)
			ExecutionOrderSort2 (0ms)
			AwakeInstancesAfterBackupRestoration (6ms)
Platform modules already initialized, skipping
Refreshing native plugins compatible for Editor in 0.58 ms, found 3 plugins.
Preloading 0 native plugins for Editor in 0.00 ms.
Unloading 2962 Unused Serialized files (Serialized files now loaded: 0)
Unloading 18 unused Assets / (21.9 KB). Loaded Objects now: 3560.
Memory consumption went from 124.3 MB to 124.3 MB.
Total: 2.444200 ms (FindLiveObjects: 0.210800 ms CreateObjectMapping: 0.061200 ms MarkObjects: 2.135800 ms  DeleteObjects: 0.035500 ms)

AssetImportParameters requested are different than current active one (requested -> active):
  custom:video-decoder-ogg-theora: a1e56fd34408186e4bbccfd4996cb3dc -> 
  custom:container-muxer-webm: aa71ff27fc2769a1b78a27578f13a17b -> 
  custom:container-demuxer-webm: 4f35f7cbe854078d1ac9338744f61a02 -> 
  custom:video-encoder-webm-vp8: eb34c28f22e8b96e1ab97ce403110664 -> 
  custom:video-codec-MediaFoundation-h265: 746d11721c4dcdbdad8f713fa42b33f4 -> 
  custom:CustomObjectIndexerAttribute: bc11b3a6c3213fcdd17b65e7da85e133 -> 
  custom:audio-encoder-webm-vorbis: bf7c407c2cedff20999df2af8eb42d56 -> 
  custom:framework-win-MediaFoundation: 216162199b28c13a410421893ffa2e32 -> 
  custom:SearchIndexIgnoredProperties: e643bd26f0fe6173181afceb89e7c659 -> 
  custom:container-demuxer-ogg: 62fdf1f143b41e24485cea50d1cbac27 -> 
  custom:video-decoder-webm-vp8: 9c59270c3fd7afecdb556c50c9e8de78 -> 
  custom:audio-decoder-ogg-vorbis: bf7c407c2cedff20999df2af8eb42d56 -> 
========================================================================
Received Prepare
Registering precompiled user dll's ...
Registered in 0.004073 seconds.
Begin MonoManager ReloadAssembly
Native extension for WindowsStandalone target not found
Refreshing native plugins compatible for Editor in 0.45 ms, found 3 plugins.
Preloading 0 native plugins for Editor in 0.00 ms.
[Package Manager] Server::EnsureServerProcessIsRunning -- launch failed, reason: Unity was launched with the -noUpm command-line argument
[Package Manager] Cannot connect to Unity Package Manager local server
Mono: successfully reloaded assembly
- Completed reload, in  1.038 seconds
Domain Reload Profiling:
	ReloadAssembly (1039ms)
		BeginReloadAssembly (124ms)
			ExecutionOrderSort (0ms)
			DisableScriptedObjects (4ms)
			BackupInstance (0ms)
			ReleaseScriptingObjects (0ms)
			CreateAndSetChildDomain (41ms)
		EndReloadAssembly (849ms)
			LoadAssemblies (67ms)
			RebuildTransferFunctionScriptingTraits (0ms)
			SetupTypeCache (134ms)
			ReleaseScriptCaches (1ms)
			RebuildScriptCaches (25ms)
			SetupLoadedEditorAssemblies (608ms)
				LogAssemblyErrors (0ms)
				InitializePlatformSupportModulesInManaged (4ms)
				SetLoadedEditorAssemblies (0ms)
				RefreshPlugins (0ms)
				BeforeProcessingInitializeOnLoad (31ms)
				ProcessInitializeOnLoadAttributes (549ms)
				ProcessInitializeOnLoadMethodAttributes (17ms)
				AfterProcessingInitializeOnLoad (7ms)
				EditorAssembliesLoaded (0ms)
			ExecutionOrderSort2 (0ms)
			AwakeInstancesAfterBackupRestoration (7ms)
Platform modules already initialized, skipping
Refreshing native plugins compatible for Editor in 0.59 ms, found 3 plugins.
Preloading 0 native plugins for Editor in 0.00 ms.
Unloading 2962 Unused Serialized files (Serialized files now loaded: 0)
Unloading 18 unused Assets / (22.0 KB). Loaded Objects now: 3563.
Memory consumption went from 124.3 MB to 124.3 MB.
Total: 2.640400 ms (FindLiveObjects: 0.194300 ms CreateObjectMapping: 0.050900 ms MarkObjects: 2.343100 ms  DeleteObjects: 0.049400 ms)

AssetImportParameters requested are different than current active one (requested -> active):
  custom:video-decoder-ogg-theora: a1e56fd34408186e4bbccfd4996cb3dc -> 
  custom:container-muxer-webm: aa71ff27fc2769a1b78a27578f13a17b -> 
  custom:container-demuxer-webm: 4f35f7cbe854078d1ac9338744f61a02 -> 
  custom:video-encoder-webm-vp8: eb34c28f22e8b96e1ab97ce403110664 -> 
  custom:video-codec-MediaFoundation-h265: 746d11721c4dcdbdad8f713fa42b33f4 -> 
  custom:CustomObjectIndexerAttribute: bc11b3a6c3213fcdd17b65e7da85e133 -> 
  custom:audio-encoder-webm-vorbis: bf7c407c2cedff20999df2af8eb42d56 -> 
  custom:framework-win-MediaFoundation: 216162199b28c13a410421893ffa2e32 -> 
  custom:SearchIndexIgnoredProperties: e643bd26f0fe6173181afceb89e7c659 -> 
  custom:container-demuxer-ogg: 62fdf1f143b41e24485cea50d1cbac27 -> 
  custom:video-decoder-webm-vp8: 9c59270c3fd7afecdb556c50c9e8de78 -> 
  custom:audio-decoder-ogg-vorbis: bf7c407c2cedff20999df2af8eb42d56 -> 
========================================================================
Received Prepare
Registering precompiled user dll's ...
Registered in 0.004245 seconds.
Begin MonoManager ReloadAssembly
Native extension for WindowsStandalone target not found
Refreshing native plugins compatible for Editor in 0.59 ms, found 3 plugins.
Preloading 0 native plugins for Editor in 0.00 ms.
[Package Manager] Server::EnsureServerProcessIsRunning -- launch failed, reason: Unity was launched with the -noUpm command-line argument
[Package Manager] Cannot connect to Unity Package Manager local server
Mono: successfully reloaded assembly
- Completed reload, in  1.040 seconds
Domain Reload Profiling:
	ReloadAssembly (1041ms)
		BeginReloadAssembly (95ms)
			ExecutionOrderSort (0ms)
			DisableScriptedObjects (3ms)
			BackupInstance (0ms)
			ReleaseScriptingObjects (0ms)
			CreateAndSetChildDomain (19ms)
		EndReloadAssembly (888ms)
			LoadAssemblies (63ms)
			RebuildTransferFunctionScriptingTraits (0ms)
			SetupTypeCache (122ms)
			ReleaseScriptCaches (1ms)
			RebuildScriptCaches (22ms)
			SetupLoadedEditorAssemblies (664ms)
				LogAssemblyErrors (0ms)
				InitializePlatformSupportModulesInManaged (5ms)
				SetLoadedEditorAssemblies (0ms)
				RefreshPlugins (1ms)
				BeforeProcessingInitializeOnLoad (36ms)
				ProcessInitializeOnLoadAttributes (589ms)
				ProcessInitializeOnLoadMethodAttributes (25ms)
				AfterProcessingInitializeOnLoad (8ms)
				EditorAssembliesLoaded (0ms)
			ExecutionOrderSort2 (0ms)
			AwakeInstancesAfterBackupRestoration (7ms)
Platform modules already initialized, skipping
Refreshing native plugins compatible for Editor in 0.64 ms, found 3 plugins.
Preloading 0 native plugins for Editor in 0.00 ms.
Unloading 2962 Unused Serialized files (Serialized files now loaded: 0)
Unloading 18 unused Assets / (22.0 KB). Loaded Objects now: 3566.
Memory consumption went from 124.3 MB to 124.3 MB.
Total: 3.033400 ms (FindLiveObjects: 0.216400 ms CreateObjectMapping: 0.057500 ms MarkObjects: 2.729000 ms  DeleteObjects: 0.029400 ms)

AssetImportParameters requested are different than current active one (requested -> active):
  custom:video-decoder-ogg-theora: a1e56fd34408186e4bbccfd4996cb3dc -> 
  custom:container-muxer-webm: aa71ff27fc2769a1b78a27578f13a17b -> 
  custom:container-demuxer-webm: 4f35f7cbe854078d1ac9338744f61a02 -> 
  custom:video-encoder-webm-vp8: eb34c28f22e8b96e1ab97ce403110664 -> 
  custom:video-codec-MediaFoundation-h265: 746d11721c4dcdbdad8f713fa42b33f4 -> 
  custom:CustomObjectIndexerAttribute: bc11b3a6c3213fcdd17b65e7da85e133 -> 
  custom:audio-encoder-webm-vorbis: bf7c407c2cedff20999df2af8eb42d56 -> 
  custom:framework-win-MediaFoundation: 216162199b28c13a410421893ffa2e32 -> 
  custom:SearchIndexIgnoredProperties: e643bd26f0fe6173181afceb89e7c659 -> 
  custom:container-demuxer-ogg: 62fdf1f143b41e24485cea50d1cbac27 -> 
  custom:video-decoder-webm-vp8: 9c59270c3fd7afecdb556c50c9e8de78 -> 
  custom:audio-decoder-ogg-vorbis: bf7c407c2cedff20999df2af8eb42d56 -> 
========================================================================
Received Prepare
Registering precompiled user dll's ...
Registered in 0.003993 seconds.
Begin MonoManager ReloadAssembly
Native extension for WindowsStandalone target not found
Refreshing native plugins compatible for Editor in 0.45 ms, found 3 plugins.
Preloading 0 native plugins for Editor in 0.00 ms.
[Package Manager] Server::EnsureServerProcessIsRunning -- launch failed, reason: Unity was launched with the -noUpm command-line argument
[Package Manager] Cannot connect to Unity Package Manager local server
Mono: successfully reloaded assembly
- Completed reload, in  0.980 seconds
Domain Reload Profiling:
	ReloadAssembly (980ms)
		BeginReloadAssembly (91ms)
			ExecutionOrderSort (0ms)
			DisableScriptedObjects (3ms)
			BackupInstance (0ms)
			ReleaseScriptingObjects (0ms)
			CreateAndSetChildDomain (19ms)
		EndReloadAssembly (829ms)
			LoadAssemblies (61ms)
			RebuildTransferFunctionScriptingTraits (0ms)
			SetupTypeCache (122ms)
			ReleaseScriptCaches (1ms)
			RebuildScriptCaches (28ms)
			SetupLoadedEditorAssemblies (602ms)
				LogAssemblyErrors (0ms)
				InitializePlatformSupportModulesInManaged (4ms)
				SetLoadedEditorAssemblies (0ms)
				RefreshPlugins (0ms)
				BeforeProcessingInitializeOnLoad (31ms)
				ProcessInitializeOnLoadAttributes (542ms)
				ProcessInitializeOnLoadMethodAttributes (17ms)
				AfterProcessingInitializeOnLoad (7ms)
				EditorAssembliesLoaded (0ms)
			ExecutionOrderSort2 (0ms)
			AwakeInstancesAfterBackupRestoration (6ms)
Platform modules already initialized, skipping
Refreshing native plugins compatible for Editor in 0.64 ms, found 3 plugins.
Preloading 0 native plugins for Editor in 0.00 ms.
Unloading 2962 Unused Serialized files (Serialized files now loaded: 0)
Unloading 18 unused Assets / (21.9 KB). Loaded Objects now: 3569.
Memory consumption went from 124.3 MB to 124.3 MB.
Total: 2.327000 ms (FindLiveObjects: 0.205600 ms CreateObjectMapping: 0.059100 ms MarkObjects: 2.032200 ms  DeleteObjects: 0.028500 ms)

AssetImportParameters requested are different than current active one (requested -> active):
  custom:video-decoder-ogg-theora: a1e56fd34408186e4bbccfd4996cb3dc -> 
  custom:container-muxer-webm: aa71ff27fc2769a1b78a27578f13a17b -> 
  custom:container-demuxer-webm: 4f35f7cbe854078d1ac9338744f61a02 -> 
  custom:video-encoder-webm-vp8: eb34c28f22e8b96e1ab97ce403110664 -> 
  custom:video-codec-MediaFoundation-h265: 746d11721c4dcdbdad8f713fa42b33f4 -> 
  custom:CustomObjectIndexerAttribute: bc11b3a6c3213fcdd17b65e7da85e133 -> 
  custom:audio-encoder-webm-vorbis: bf7c407c2cedff20999df2af8eb42d56 -> 
  custom:framework-win-MediaFoundation: 216162199b28c13a410421893ffa2e32 -> 
  custom:SearchIndexIgnoredProperties: e643bd26f0fe6173181afceb89e7c659 -> 
  custom:container-demuxer-ogg: 62fdf1f143b41e24485cea50d1cbac27 -> 
  custom:video-decoder-webm-vp8: 9c59270c3fd7afecdb556c50c9e8de78 -> 
  custom:audio-decoder-ogg-vorbis: bf7c407c2cedff20999df2af8eb42d56 -> 
========================================================================
Received Prepare
Registering precompiled user dll's ...
Registered in 0.003315 seconds.
Begin MonoManager ReloadAssembly
Native extension for WindowsStandalone target not found
Refreshing native plugins compatible for Editor in 0.45 ms, found 3 plugins.
Preloading 0 native plugins for Editor in 0.00 ms.
[Package Manager] Server::EnsureServerProcessIsRunning -- launch failed, reason: Unity was launched with the -noUpm command-line argument
[Package Manager] Cannot connect to Unity Package Manager local server
Mono: successfully reloaded assembly
- Completed reload, in  0.997 seconds
Domain Reload Profiling:
	ReloadAssembly (997ms)
		BeginReloadAssembly (93ms)
			ExecutionOrderSort (0ms)
			DisableScriptedObjects (3ms)
			BackupInstance (0ms)
			ReleaseScriptingObjects (0ms)
			CreateAndSetChildDomain (18ms)
		EndReloadAssembly (825ms)
			LoadAssemblies (60ms)
			RebuildTransferFunctionScriptingTraits (0ms)
			SetupTypeCache (128ms)
			ReleaseScriptCaches (1ms)
			RebuildScriptCaches (25ms)
			SetupLoadedEditorAssemblies (603ms)
				LogAssemblyErrors (0ms)
				InitializePlatformSupportModulesInManaged (4ms)
				SetLoadedEditorAssemblies (0ms)
				RefreshPlugins (1ms)
				BeforeProcessingInitializeOnLoad (32ms)
				ProcessInitializeOnLoadAttributes (541ms)
				ProcessInitializeOnLoadMethodAttributes (17ms)
				AfterProcessingInitializeOnLoad (8ms)
				EditorAssembliesLoaded (0ms)
			ExecutionOrderSort2 (0ms)
			AwakeInstancesAfterBackupRestoration (6ms)
Platform modules already initialized, skipping
Refreshing native plugins compatible for Editor in 1.01 ms, found 3 plugins.
Preloading 0 native plugins for Editor in 0.00 ms.
Unloading 2962 Unused Serialized files (Serialized files now loaded: 0)
Unloading 18 unused Assets / (22.0 KB). Loaded Objects now: 3572.
Memory consumption went from 124.3 MB to 124.3 MB.
Total: 2.387700 ms (FindLiveObjects: 0.192700 ms CreateObjectMapping: 0.065900 ms MarkObjects: 2.104100 ms  DeleteObjects: 0.023800 ms)

AssetImportParameters requested are different than current active one (requested -> active):
  custom:video-decoder-ogg-theora: a1e56fd34408186e4bbccfd4996cb3dc -> 
  custom:container-muxer-webm: aa71ff27fc2769a1b78a27578f13a17b -> 
  custom:container-demuxer-webm: 4f35f7cbe854078d1ac9338744f61a02 -> 
  custom:video-encoder-webm-vp8: eb34c28f22e8b96e1ab97ce403110664 -> 
  custom:video-codec-MediaFoundation-h265: 746d11721c4dcdbdad8f713fa42b33f4 -> 
  custom:CustomObjectIndexerAttribute: bc11b3a6c3213fcdd17b65e7da85e133 -> 
  custom:audio-encoder-webm-vorbis: bf7c407c2cedff20999df2af8eb42d56 -> 
  custom:framework-win-MediaFoundation: 216162199b28c13a410421893ffa2e32 -> 
  custom:SearchIndexIgnoredProperties: e643bd26f0fe6173181afceb89e7c659 -> 
  custom:container-demuxer-ogg: 62fdf1f143b41e24485cea50d1cbac27 -> 
  custom:video-decoder-webm-vp8: 9c59270c3fd7afecdb556c50c9e8de78 -> 
  custom:audio-decoder-ogg-vorbis: bf7c407c2cedff20999df2af8eb42d56 -> 
========================================================================
Received Prepare
Registering precompiled user dll's ...
Registered in 0.003379 seconds.
Begin MonoManager ReloadAssembly
Native extension for WindowsStandalone target not found
Refreshing native plugins compatible for Editor in 0.54 ms, found 3 plugins.
Preloading 0 native plugins for Editor in 0.00 ms.
[Package Manager] Server::EnsureServerProcessIsRunning -- launch failed, reason: Unity was launched with the -noUpm command-line argument
[Package Manager] Cannot connect to Unity Package Manager local server
Mono: successfully reloaded assembly
- Completed reload, in  0.993 seconds
Domain Reload Profiling:
	ReloadAssembly (993ms)
		BeginReloadAssembly (89ms)
			ExecutionOrderSort (0ms)
			DisableScriptedObjects (2ms)
			BackupInstance (0ms)
			ReleaseScriptingObjects (0ms)
			CreateAndSetChildDomain (18ms)
		EndReloadAssembly (845ms)
			LoadAssemblies (58ms)
			RebuildTransferFunctionScriptingTraits (0ms)
			SetupTypeCache (138ms)
			ReleaseScriptCaches (1ms)
			RebuildScriptCaches (25ms)
			SetupLoadedEditorAssemblies (606ms)
				LogAssemblyErrors (0ms)
				InitializePlatformSupportModulesInManaged (5ms)
				SetLoadedEditorAssemblies (0ms)
				RefreshPlugins (1ms)
				BeforeProcessingInitializeOnLoad (32ms)
				ProcessInitializeOnLoadAttributes (544ms)
				ProcessInitializeOnLoadMethodAttributes (17ms)
				AfterProcessingInitializeOnLoad (8ms)
				EditorAssembliesLoaded (0ms)
			ExecutionOrderSort2 (0ms)
			AwakeInstancesAfterBackupRestoration (7ms)
Platform modules already initialized, skipping
Refreshing native plugins compatible for Editor in 0.69 ms, found 3 plugins.
Preloading 0 native plugins for Editor in 0.00 ms.
Unloading 2962 Unused Serialized files (Serialized files now loaded: 0)
Unloading 18 unused Assets / (22.0 KB). Loaded Objects now: 3575.
Memory consumption went from 124.3 MB to 124.3 MB.
Total: 2.598800 ms (FindLiveObjects: 0.261900 ms CreateObjectMapping: 0.104000 ms MarkObjects: 2.192300 ms  DeleteObjects: 0.039500 ms)

AssetImportParameters requested are different than current active one (requested -> active):
  custom:video-decoder-ogg-theora: a1e56fd34408186e4bbccfd4996cb3dc -> 
  custom:container-muxer-webm: aa71ff27fc2769a1b78a27578f13a17b -> 
  custom:container-demuxer-webm: 4f35f7cbe854078d1ac9338744f61a02 -> 
  custom:video-encoder-webm-vp8: eb34c28f22e8b96e1ab97ce403110664 -> 
  custom:video-codec-MediaFoundation-h265: 746d11721c4dcdbdad8f713fa42b33f4 -> 
  custom:CustomObjectIndexerAttribute: bc11b3a6c3213fcdd17b65e7da85e133 -> 
  custom:audio-encoder-webm-vorbis: bf7c407c2cedff20999df2af8eb42d56 -> 
  custom:framework-win-MediaFoundation: 216162199b28c13a410421893ffa2e32 -> 
  custom:SearchIndexIgnoredProperties: e643bd26f0fe6173181afceb89e7c659 -> 
  custom:container-demuxer-ogg: 62fdf1f143b41e24485cea50d1cbac27 -> 
  custom:video-decoder-webm-vp8: 9c59270c3fd7afecdb556c50c9e8de78 -> 
  custom:audio-decoder-ogg-vorbis: bf7c407c2cedff20999df2af8eb42d56 -> 
========================================================================
Received Prepare
Registering precompiled user dll's ...
Registered in 0.004344 seconds.
Begin MonoManager ReloadAssembly
Native extension for WindowsStandalone target not found
Refreshing native plugins compatible for Editor in 0.42 ms, found 3 plugins.
Preloading 0 native plugins for Editor in 0.00 ms.
[Package Manager] Server::EnsureServerProcessIsRunning -- launch failed, reason: Unity was launched with the -noUpm command-line argument
[Package Manager] Cannot connect to Unity Package Manager local server
Mono: successfully reloaded assembly
- Completed reload, in  0.991 seconds
Domain Reload Profiling:
	ReloadAssembly (992ms)
		BeginReloadAssembly (90ms)
			ExecutionOrderSort (0ms)
			DisableScriptedObjects (2ms)
			BackupInstance (0ms)
			ReleaseScriptingObjects (0ms)
			CreateAndSetChildDomain (17ms)
		EndReloadAssembly (841ms)
			LoadAssemblies (61ms)
			RebuildTransferFunctionScriptingTraits (0ms)
			SetupTypeCache (127ms)
			ReleaseScriptCaches (1ms)
			RebuildScriptCaches (25ms)
			SetupLoadedEditorAssemblies (608ms)
				LogAssemblyErrors (0ms)
				InitializePlatformSupportModulesInManaged (3ms)
				SetLoadedEditorAssemblies (0ms)
				RefreshPlugins (0ms)
				BeforeProcessingInitializeOnLoad (31ms)
				ProcessInitializeOnLoadAttributes (546ms)
				ProcessInitializeOnLoadMethodAttributes (18ms)
				AfterProcessingInitializeOnLoad (9ms)
				EditorAssembliesLoaded (0ms)
			ExecutionOrderSort2 (0ms)
			AwakeInstancesAfterBackupRestoration (6ms)
Platform modules already initialized, skipping
Refreshing native plugins compatible for Editor in 0.61 ms, found 3 plugins.
Preloading 0 native plugins for Editor in 0.00 ms.
Unloading 2962 Unused Serialized files (Serialized files now loaded: 0)
Unloading 18 unused Assets / (22.0 KB). Loaded Objects now: 3578.
Memory consumption went from 124.4 MB to 124.3 MB.
Total: 2.693900 ms (FindLiveObjects: 0.187500 ms CreateObjectMapping: 0.055800 ms MarkObjects: 2.424200 ms  DeleteObjects: 0.025500 ms)

AssetImportParameters requested are different than current active one (requested -> active):
  custom:video-decoder-ogg-theora: a1e56fd34408186e4bbccfd4996cb3dc -> 
  custom:container-muxer-webm: aa71ff27fc2769a1b78a27578f13a17b -> 
  custom:container-demuxer-webm: 4f35f7cbe854078d1ac9338744f61a02 -> 
  custom:video-encoder-webm-vp8: eb34c28f22e8b96e1ab97ce403110664 -> 
  custom:video-codec-MediaFoundation-h265: 746d11721c4dcdbdad8f713fa42b33f4 -> 
  custom:CustomObjectIndexerAttribute: bc11b3a6c3213fcdd17b65e7da85e133 -> 
  custom:audio-encoder-webm-vorbis: bf7c407c2cedff20999df2af8eb42d56 -> 
  custom:framework-win-MediaFoundation: 216162199b28c13a410421893ffa2e32 -> 
  custom:SearchIndexIgnoredProperties: e643bd26f0fe6173181afceb89e7c659 -> 
  custom:container-demuxer-ogg: 62fdf1f143b41e24485cea50d1cbac27 -> 
  custom:video-decoder-webm-vp8: 9c59270c3fd7afecdb556c50c9e8de78 -> 
  custom:audio-decoder-ogg-vorbis: bf7c407c2cedff20999df2af8eb42d56 -> 
========================================================================
Received Prepare
Registering precompiled user dll's ...
Registered in 0.003968 seconds.
Begin MonoManager ReloadAssembly
Native extension for WindowsStandalone target not found
Refreshing native plugins compatible for Editor in 0.66 ms, found 3 plugins.
Preloading 0 native plugins for Editor in 0.00 ms.
[Package Manager] Server::EnsureServerProcessIsRunning -- launch failed, reason: Unity was launched with the -noUpm command-line argument
[Package Manager] Cannot connect to Unity Package Manager local server
Mono: successfully reloaded assembly
- Completed reload, in  0.978 seconds
Domain Reload Profiling:
	ReloadAssembly (978ms)
		BeginReloadAssembly (95ms)
			ExecutionOrderSort (0ms)
			DisableScriptedObjects (3ms)
			BackupInstance (0ms)
			ReleaseScriptingObjects (0ms)
			CreateAndSetChildDomain (17ms)
		EndReloadAssembly (824ms)
			LoadAssemblies (66ms)
			RebuildTransferFunctionScriptingTraits (0ms)
			SetupTypeCache (122ms)
			ReleaseScriptCaches (1ms)
			RebuildScriptCaches (22ms)
			SetupLoadedEditorAssemblies (601ms)
				LogAssemblyErrors (0ms)
				InitializePlatformSupportModulesInManaged (4ms)
				SetLoadedEditorAssemblies (0ms)
				RefreshPlugins (1ms)
				BeforeProcessingInitializeOnLoad (32ms)
				ProcessInitializeOnLoadAttributes (538ms)
				ProcessInitializeOnLoadMethodAttributes (16ms)
				AfterProcessingInitializeOnLoad (9ms)
				EditorAssembliesLoaded (0ms)
			ExecutionOrderSort2 (0ms)
			AwakeInstancesAfterBackupRestoration (7ms)
Platform modules already initialized, skipping
Refreshing native plugins compatible for Editor in 0.67 ms, found 3 plugins.
Preloading 0 native plugins for Editor in 0.00 ms.
Unloading 2962 Unused Serialized files (Serialized files now loaded: 0)
Unloading 18 unused Assets / (22.0 KB). Loaded Objects now: 3581.
Memory consumption went from 124.4 MB to 124.3 MB.
Total: 2.481500 ms (FindLiveObjects: 0.189100 ms CreateObjectMapping: 0.050800 ms MarkObjects: 2.215400 ms  DeleteObjects: 0.024200 ms)

AssetImportParameters requested are different than current active one (requested -> active):
  custom:video-decoder-ogg-theora: a1e56fd34408186e4bbccfd4996cb3dc -> 
  custom:container-muxer-webm: aa71ff27fc2769a1b78a27578f13a17b -> 
  custom:container-demuxer-webm: 4f35f7cbe854078d1ac9338744f61a02 -> 
  custom:video-encoder-webm-vp8: eb34c28f22e8b96e1ab97ce403110664 -> 
  custom:video-codec-MediaFoundation-h265: 746d11721c4dcdbdad8f713fa42b33f4 -> 
  custom:CustomObjectIndexerAttribute: bc11b3a6c3213fcdd17b65e7da85e133 -> 
  custom:audio-encoder-webm-vorbis: bf7c407c2cedff20999df2af8eb42d56 -> 
  custom:framework-win-MediaFoundation: 216162199b28c13a410421893ffa2e32 -> 
  custom:SearchIndexIgnoredProperties: e643bd26f0fe6173181afceb89e7c659 -> 
  custom:container-demuxer-ogg: 62fdf1f143b41e24485cea50d1cbac27 -> 
  custom:video-decoder-webm-vp8: 9c59270c3fd7afecdb556c50c9e8de78 -> 
  custom:audio-decoder-ogg-vorbis: bf7c407c2cedff20999df2af8eb42d56 -> 
========================================================================
Received Prepare
Registering precompiled user dll's ...
Registered in 0.003275 seconds.
Begin MonoManager ReloadAssembly
Native extension for WindowsStandalone target not found
Refreshing native plugins compatible for Editor in 0.59 ms, found 3 plugins.
Preloading 0 native plugins for Editor in 0.00 ms.
[Package Manager] Server::EnsureServerProcessIsRunning -- launch failed, reason: Unity was launched with the -noUpm command-line argument
[Package Manager] Cannot connect to Unity Package Manager local server
Mono: successfully reloaded assembly
- Completed reload, in  0.998 seconds
Domain Reload Profiling:
	ReloadAssembly (999ms)
		BeginReloadAssembly (95ms)
			ExecutionOrderSort (0ms)
			DisableScriptedObjects (2ms)
			BackupInstance (0ms)
			ReleaseScriptingObjects (0ms)
			CreateAndSetChildDomain (15ms)
		EndReloadAssembly (837ms)
			LoadAssemblies (68ms)
			RebuildTransferFunctionScriptingTraits (0ms)
			SetupTypeCache (132ms)
			ReleaseScriptCaches (1ms)
			RebuildScriptCaches (23ms)
			SetupLoadedEditorAssemblies (607ms)
				LogAssemblyErrors (0ms)
				InitializePlatformSupportModulesInManaged (5ms)
				SetLoadedEditorAssemblies (0ms)
				RefreshPlugins (1ms)
				BeforeProcessingInitializeOnLoad (35ms)
				ProcessInitializeOnLoadAttributes (541ms)
				ProcessInitializeOnLoadMethodAttributes (17ms)
				AfterProcessingInitializeOnLoad (8ms)
				EditorAssembliesLoaded (0ms)
			ExecutionOrderSort2 (0ms)
			AwakeInstancesAfterBackupRestoration (6ms)
Platform modules already initialized, skipping
Refreshing native plugins compatible for Editor in 1.02 ms, found 3 plugins.
Preloading 0 native plugins for Editor in 0.00 ms.
Unloading 2962 Unused Serialized files (Serialized files now loaded: 0)
Unloading 18 unused Assets / (21.9 KB). Loaded Objects now: 3584.
Memory consumption went from 124.4 MB to 124.4 MB.
Total: 2.677600 ms (FindLiveObjects: 0.223200 ms CreateObjectMapping: 0.062100 ms MarkObjects: 2.361300 ms  DeleteObjects: 0.029900 ms)

AssetImportParameters requested are different than current active one (requested -> active):
  custom:video-decoder-ogg-theora: a1e56fd34408186e4bbccfd4996cb3dc -> 
  custom:container-muxer-webm: aa71ff27fc2769a1b78a27578f13a17b -> 
  custom:container-demuxer-webm: 4f35f7cbe854078d1ac9338744f61a02 -> 
  custom:video-encoder-webm-vp8: eb34c28f22e8b96e1ab97ce403110664 -> 
  custom:video-codec-MediaFoundation-h265: 746d11721c4dcdbdad8f713fa42b33f4 -> 
  custom:CustomObjectIndexerAttribute: bc11b3a6c3213fcdd17b65e7da85e133 -> 
  custom:audio-encoder-webm-vorbis: bf7c407c2cedff20999df2af8eb42d56 -> 
  custom:framework-win-MediaFoundation: 216162199b28c13a410421893ffa2e32 -> 
  custom:SearchIndexIgnoredProperties: e643bd26f0fe6173181afceb89e7c659 -> 
  custom:container-demuxer-ogg: 62fdf1f143b41e24485cea50d1cbac27 -> 
  custom:video-decoder-webm-vp8: 9c59270c3fd7afecdb556c50c9e8de78 -> 
  custom:audio-decoder-ogg-vorbis: bf7c407c2cedff20999df2af8eb42d56 -> 
========================================================================
Received Prepare
Registering precompiled user dll's ...
Registered in 0.005019 seconds.
Begin MonoManager ReloadAssembly
Native extension for WindowsStandalone target not found
Refreshing native plugins compatible for Editor in 0.61 ms, found 3 plugins.
Preloading 0 native plugins for Editor in 0.00 ms.
[Package Manager] Server::EnsureServerProcessIsRunning -- launch failed, reason: Unity was launched with the -noUpm command-line argument
[Package Manager] Cannot connect to Unity Package Manager local server
Mono: successfully reloaded assembly
- Completed reload, in  1.040 seconds
Domain Reload Profiling:
	ReloadAssembly (1041ms)
		BeginReloadAssembly (104ms)
			ExecutionOrderSort (0ms)
			DisableScriptedObjects (3ms)
			BackupInstance (0ms)
			ReleaseScriptingObjects (0ms)
			CreateAndSetChildDomain (24ms)
		EndReloadAssembly (875ms)
			LoadAssemblies (73ms)
			RebuildTransferFunctionScriptingTraits (0ms)
			SetupTypeCache (123ms)
			ReleaseScriptCaches (1ms)
			RebuildScriptCaches (25ms)
			SetupLoadedEditorAssemblies (641ms)
				LogAssemblyErrors (0ms)
				InitializePlatformSupportModulesInManaged (5ms)
				SetLoadedEditorAssemblies (0ms)
				RefreshPlugins (1ms)
				BeforeProcessingInitializeOnLoad (44ms)
				ProcessInitializeOnLoadAttributes (561ms)
				ProcessInitializeOnLoadMethodAttributes (20ms)
				AfterProcessingInitializeOnLoad (9ms)
				EditorAssembliesLoaded (0ms)
			ExecutionOrderSort2 (0ms)
			AwakeInstancesAfterBackupRestoration (7ms)
Platform modules already initialized, skipping
Refreshing native plugins compatible for Editor in 0.56 ms, found 3 plugins.
Preloading 0 native plugins for Editor in 0.00 ms.
Unloading 2962 Unused Serialized files (Serialized files now loaded: 0)
Unloading 18 unused Assets / (22.0 KB). Loaded Objects now: 3587.
Memory consumption went from 124.4 MB to 124.4 MB.
Total: 2.600700 ms (FindLiveObjects: 0.201600 ms CreateObjectMapping: 0.141800 ms MarkObjects: 2.228000 ms  DeleteObjects: 0.028500 ms)

AssetImportParameters requested are different than current active one (requested -> active):
  custom:video-decoder-ogg-theora: a1e56fd34408186e4bbccfd4996cb3dc -> 
  custom:container-muxer-webm: aa71ff27fc2769a1b78a27578f13a17b -> 
  custom:container-demuxer-webm: 4f35f7cbe854078d1ac9338744f61a02 -> 
  custom:video-encoder-webm-vp8: eb34c28f22e8b96e1ab97ce403110664 -> 
  custom:video-codec-MediaFoundation-h265: 746d11721c4dcdbdad8f713fa42b33f4 -> 
  custom:CustomObjectIndexerAttribute: bc11b3a6c3213fcdd17b65e7da85e133 -> 
  custom:audio-encoder-webm-vorbis: bf7c407c2cedff20999df2af8eb42d56 -> 
  custom:framework-win-MediaFoundation: 216162199b28c13a410421893ffa2e32 -> 
  custom:SearchIndexIgnoredProperties: e643bd26f0fe6173181afceb89e7c659 -> 
  custom:container-demuxer-ogg: 62fdf1f143b41e24485cea50d1cbac27 -> 
  custom:video-decoder-webm-vp8: 9c59270c3fd7afecdb556c50c9e8de78 -> 
  custom:audio-decoder-ogg-vorbis: bf7c407c2cedff20999df2af8eb42d56 -> 
========================================================================
Received Prepare
Registering precompiled user dll's ...
Registered in 0.003555 seconds.
Begin MonoManager ReloadAssembly
Native extension for WindowsStandalone target not found
Refreshing native plugins compatible for Editor in 0.64 ms, found 3 plugins.
Preloading 0 native plugins for Editor in 0.00 ms.
[Package Manager] Server::EnsureServerProcessIsRunning -- launch failed, reason: Unity was launched with the -noUpm command-line argument
[Package Manager] Cannot connect to Unity Package Manager local server
Mono: successfully reloaded assembly
- Completed reload, in  1.009 seconds
Domain Reload Profiling:
	ReloadAssembly (1010ms)
		BeginReloadAssembly (99ms)
			ExecutionOrderSort (0ms)
			DisableScriptedObjects (3ms)
			BackupInstance (0ms)
			ReleaseScriptingObjects (0ms)
			CreateAndSetChildDomain (20ms)
		EndReloadAssembly (852ms)
			LoadAssemblies (69ms)
			RebuildTransferFunctionScriptingTraits (0ms)
			SetupTypeCache (141ms)
			ReleaseScriptCaches (1ms)
			RebuildScriptCaches (25ms)
			SetupLoadedEditorAssemblies (601ms)
				LogAssemblyErrors (0ms)
				InitializePlatformSupportModulesInManaged (4ms)
				SetLoadedEditorAssemblies (0ms)
				RefreshPlugins (1ms)
				BeforeProcessingInitializeOnLoad (33ms)
				ProcessInitializeOnLoadAttributes (538ms)
				ProcessInitializeOnLoadMethodAttributes (19ms)
				AfterProcessingInitializeOnLoad (7ms)
				EditorAssembliesLoaded (0ms)
			ExecutionOrderSort2 (0ms)
			AwakeInstancesAfterBackupRestoration (6ms)
Platform modules already initialized, skipping
Refreshing native plugins compatible for Editor in 1.06 ms, found 3 plugins.
Preloading 0 native plugins for Editor in 0.00 ms.
Unloading 2962 Unused Serialized files (Serialized files now loaded: 0)
Unloading 18 unused Assets / (22.0 KB). Loaded Objects now: 3590.
Memory consumption went from 124.4 MB to 124.4 MB.
Total: 2.665200 ms (FindLiveObjects: 0.241000 ms CreateObjectMapping: 0.059500 ms MarkObjects: 2.334200 ms  DeleteObjects: 0.029400 ms)

AssetImportParameters requested are different than current active one (requested -> active):
  custom:video-decoder-ogg-theora: a1e56fd34408186e4bbccfd4996cb3dc -> 
  custom:container-muxer-webm: aa71ff27fc2769a1b78a27578f13a17b -> 
  custom:container-demuxer-webm: 4f35f7cbe854078d1ac9338744f61a02 -> 
  custom:video-encoder-webm-vp8: eb34c28f22e8b96e1ab97ce403110664 -> 
  custom:video-codec-MediaFoundation-h265: 746d11721c4dcdbdad8f713fa42b33f4 -> 
  custom:CustomObjectIndexerAttribute: bc11b3a6c3213fcdd17b65e7da85e133 -> 
  custom:audio-encoder-webm-vorbis: bf7c407c2cedff20999df2af8eb42d56 -> 
  custom:framework-win-MediaFoundation: 216162199b28c13a410421893ffa2e32 -> 
  custom:SearchIndexIgnoredProperties: e643bd26f0fe6173181afceb89e7c659 -> 
  custom:container-demuxer-ogg: 62fdf1f143b41e24485cea50d1cbac27 -> 
  custom:video-decoder-webm-vp8: 9c59270c3fd7afecdb556c50c9e8de78 -> 
  custom:audio-decoder-ogg-vorbis: bf7c407c2cedff20999df2af8eb42d56 -> 
========================================================================
Received Import Request.
  Time since last request: 840.994263 seconds.
  path: Assets/Quirky Series Ultimate/Quirky Series Vol.1/Arctic Vol.1/Textures/T_ArcticFox.png
  artifactKey: Guid(50539f23a552a4c468e1ca22153b5fd1) Importer(815301076,1909f56bfc062723c751e8b465ee728b)
Number of updated assets reloaded before import = 0
Start importing Assets/Quirky Series Ultimate/Quirky Series Vol.1/Arctic Vol.1/Textures/T_ArcticFox.png using Guid(50539f23a552a4c468e1ca22153b5fd1) Importer(815301076,1909f56bfc062723c751e8b465ee728b)  -> (artifact id: '4640185881544737eec2571d79551aaa') in 0.086585 seconds 
Number of asset objects unloaded after import = 2
========================================================================
Received Import Request.
  Time since last request: 0.000020 seconds.
  path: Assets/Quirky Series Ultimate/Quirky Series Vol.1/Arctic Vol.1/Textures/T_Reindeer.png
  artifactKey: Guid(9bccc96d18d2e984cb0b9a24296c7870) Importer(815301076,1909f56bfc062723c751e8b465ee728b)
Number of updated assets reloaded before import = 0
Start importing Assets/Quirky Series Ultimate/Quirky Series Vol.1/Arctic Vol.1/Textures/T_Reindeer.png using Guid(9bccc96d18d2e984cb0b9a24296c7870) Importer(815301076,1909f56bfc062723c751e8b465ee728b)  -> (artifact id: 'bcef041853286d8257d3e43fa77a1af0') in 0.019402 seconds 
Number of asset objects unloaded after import = 2
========================================================================
Received Import Request.
  Time since last request: 0.000017 seconds.
  path: Assets/Quirky Series Ultimate/Quirky Series Vol.1/Arctic Vol.1/Textures/T_SnowWeasel.png
  artifactKey: Guid(a7265b38fe3af5744b52d205d73fe6ea) Importer(815301076,1909f56bfc062723c751e8b465ee728b)
Number of updated assets reloaded before import = 0
Start importing Assets/Quirky Series Ultimate/Quirky Series Vol.1/Arctic Vol.1/Textures/T_SnowWeasel.png using Guid(a7265b38fe3af5744b52d205d73fe6ea) Importer(815301076,1909f56bfc062723c751e8b465ee728b)  -> (artifact id: '35a75f30f78067a6a68ffa76629891cd') in 0.023089 seconds 
Number of asset objects unloaded after import = 2
========================================================================
Received Import Request.
  Time since last request: 0.000017 seconds.
  path: Assets/Quirky Series Ultimate/Quirky Series Vol.1/Arctic Vol.1/Textures/T_Penguin.png
  artifactKey: Guid(ac1df60d296dbfb4aace5eecabf3540c) Importer(815301076,1909f56bfc062723c751e8b465ee728b)
Number of updated assets reloaded before import = 0
Start importing Assets/Quirky Series Ultimate/Quirky Series Vol.1/Arctic Vol.1/Textures/T_Penguin.png using Guid(ac1df60d296dbfb4aace5eecabf3540c) Importer(815301076,1909f56bfc062723c751e8b465ee728b)  -> (artifact id: '9406993e59af509aab98e8f561bf59ad') in 0.018595 seconds 
Number of asset objects unloaded after import = 2
========================================================================
Received Import Request.
  Time since last request: 0.000019 seconds.
  path: Assets/Quirky Series Ultimate/Quirky Series Vol.1/Arctic Vol.1/Textures/T_SnowOwl.png
  artifactKey: Guid(f45d07bf153ef0e4a99d8827961819d3) Importer(815301076,1909f56bfc062723c751e8b465ee728b)
Number of updated assets reloaded before import = 0
Start importing Assets/Quirky Series Ultimate/Quirky Series Vol.1/Arctic Vol.1/Textures/T_SnowOwl.png using Guid(f45d07bf153ef0e4a99d8827961819d3) Importer(815301076,1909f56bfc062723c751e8b465ee728b)  -> (artifact id: '603d220fcbf331d2a5bf1b0283892858') in 0.029747 seconds 
Number of asset objects unloaded after import = 2
========================================================================
Received Import Request.
  Time since last request: 5.774450 seconds.
  path: Assets/Quirky Series Ultimate/Quirky Series Vol.1/Farm Vol.1/Animations/Chick_Animations.fbx
  artifactKey: Guid(30f0be25395649f49b5166ea39770b60) Importer(815301076,1909f56bfc062723c751e8b465ee728b)
Number of updated assets reloaded before import = 0
Start importing Assets/Quirky Series Ultimate/Quirky Series Vol.1/Farm Vol.1/Animations/Chick_Animations.fbx using Guid(30f0be25395649f49b5166ea39770b60) Importer(815301076,1909f56bfc062723c751e8b465ee728b)  -> (artifact id: '041c94d6d304bf6e9422ce9574dd272d') in 0.123089 seconds 
Number of asset objects unloaded after import = 52
========================================================================
Received Import Request.
  Time since last request: 0.000017 seconds.
  path: Assets/Quirky Series Ultimate/Quirky Series Vol.1/Farm Vol.1/Animations/Hen_Animations.fbx
  artifactKey: Guid(31ae95520022b94419bd7ff96f42aa4e) Importer(815301076,1909f56bfc062723c751e8b465ee728b)
Number of updated assets reloaded before import = 0
Start importing Assets/Quirky Series Ultimate/Quirky Series Vol.1/Farm Vol.1/Animations/Hen_Animations.fbx using Guid(31ae95520022b94419bd7ff96f42aa4e) Importer(815301076,1909f56bfc062723c751e8b465ee728b)  -> (artifact id: '76c8b721f6887ee0a0129b43c9306a04') in 0.058900 seconds 
Number of asset objects unloaded after import = 52
========================================================================
Received Import Request.
  Time since last request: 4.401846 seconds.
  path: Assets/Quirky Series Ultimate/Quirky Series Vol.1/Forest Vol.1/Animations/Eagle_Animations.fbx
  artifactKey: Guid(6fa74f5ef3c4bd341ae16c5d38e340e7) Importer(815301076,1909f56bfc062723c751e8b465ee728b)
Number of updated assets reloaded before import = 0
Start importing Assets/Quirky Series Ultimate/Quirky Series Vol.1/Forest Vol.1/Animations/Eagle_Animations.fbx using Guid(6fa74f5ef3c4bd341ae16c5d38e340e7) Importer(815301076,1909f56bfc062723c751e8b465ee728b)  -> (artifact id: '4148d72c6956f24677b498c5b732024a') in 0.045488 seconds 
Number of asset objects unloaded after import = 52
========================================================================
Received Import Request.
  Time since last request: 0.000019 seconds.
  path: Assets/Quirky Series Ultimate/Quirky Series Vol.1/Forest Vol.1/Animations/Owl_Animations.fbx
  artifactKey: Guid(8e13910bfbb9c82478e4a77fe7aa9194) Importer(815301076,1909f56bfc062723c751e8b465ee728b)
Number of updated assets reloaded before import = 0
Start importing Assets/Quirky Series Ultimate/Quirky Series Vol.1/Forest Vol.1/Animations/Owl_Animations.fbx using Guid(8e13910bfbb9c82478e4a77fe7aa9194) Importer(815301076,1909f56bfc062723c751e8b465ee728b)  -> (artifact id: '532f2e0b272eee6283f4e7ebc8b3a19a') in 0.058264 seconds 
Number of asset objects unloaded after import = 48
========================================================================
Received Import Request.
  Time since last request: 8.896305 seconds.
  path: Assets/Quirky Series Ultimate/Quirky Series Vol.1/Pets Vol.1/Materials/M_Dog.mat
  artifactKey: Guid(a5d35da825a244a48bdbdcd44e673ba0) Importer(815301076,1909f56bfc062723c751e8b465ee728b)
Number of updated assets reloaded before import = 0
Start importing Assets/Quirky Series Ultimate/Quirky Series Vol.1/Pets Vol.1/Materials/M_Dog.mat using Guid(a5d35da825a244a48bdbdcd44e673ba0) Importer(815301076,1909f56bfc062723c751e8b465ee728b)  -> (artifact id: '7c86145fef6b28a5266a0198834bc998') in 0.040845 seconds 
Number of asset objects unloaded after import = 2
========================================================================
Received Import Request.
  Time since last request: 0.000026 seconds.
  path: Assets/Quirky Series Ultimate/Quirky Series Vol.1/Pets Vol.1/Materials/M_Parrot.mat
  artifactKey: Guid(947985971db358042bc315efc662ea98) Importer(815301076,1909f56bfc062723c751e8b465ee728b)
Number of updated assets reloaded before import = 0
Start importing Assets/Quirky Series Ultimate/Quirky Series Vol.1/Pets Vol.1/Materials/M_Parrot.mat using Guid(947985971db358042bc315efc662ea98) Importer(815301076,1909f56bfc062723c751e8b465ee728b)  -> (artifact id: '8b1ccf747463b835ace4bf659864fe7d') in 0.038901 seconds 
Number of asset objects unloaded after import = 2
========================================================================
Received Import Request.
  Time since last request: 0.467760 seconds.
  path: Assets/Quirky Series Ultimate/Quirky Series Vol.1/Pets Vol.1/Models/Cat_LOD1.fbx
  artifactKey: Guid(0c66e92830216d0438df2afbb78135c5) Importer(815301076,1909f56bfc062723c751e8b465ee728b)
Number of updated assets reloaded before import = 0
Start importing Assets/Quirky Series Ultimate/Quirky Series Vol.1/Pets Vol.1/Models/Cat_LOD1.fbx using Guid(0c66e92830216d0438df2afbb78135c5) Importer(815301076,1909f56bfc062723c751e8b465ee728b)  -> (artifact id: '0ce30f52628300389e777643fb33de1d') in 0.037246 seconds 
Number of asset objects unloaded after import = 32
========================================================================
Received Import Request.
  Time since last request: 0.000018 seconds.
  path: Assets/Quirky Series Ultimate/Quirky Series Vol.1/Pets Vol.1/Models/Parrot_LOD3.fbx
  artifactKey: Guid(e3d60a6396753974eafef02d8c51dedd) Importer(815301076,1909f56bfc062723c751e8b465ee728b)
Number of updated assets reloaded before import = 0
Start importing Assets/Quirky Series Ultimate/Quirky Series Vol.1/Pets Vol.1/Models/Parrot_LOD3.fbx using Guid(e3d60a6396753974eafef02d8c51dedd) Importer(815301076,1909f56bfc062723c751e8b465ee728b)  -> (artifact id: 'f7826d68d84d98f48c206b0769bc1097') in 0.056589 seconds 
Number of asset objects unloaded after import = 32
========================================================================
Received Import Request.
  Time since last request: 0.000019 seconds.
  path: Assets/Quirky Series Ultimate/Quirky Series Vol.1/Pets Vol.1/Models/Rabbit_LOD0.fbx
  artifactKey: Guid(165a63bbd8d761d4db3641dc7cf5a9d9) Importer(815301076,1909f56bfc062723c751e8b465ee728b)
Number of updated assets reloaded before import = 0
Start importing Assets/Quirky Series Ultimate/Quirky Series Vol.1/Pets Vol.1/Models/Rabbit_LOD0.fbx using Guid(165a63bbd8d761d4db3641dc7cf5a9d9) Importer(815301076,1909f56bfc062723c751e8b465ee728b)  -> (artifact id: 'f47d35cbb13ac498498dc8f561fc068c') in 0.059074 seconds 
Number of asset objects unloaded after import = 30
========================================================================
Received Import Request.
  Time since last request: 0.000029 seconds.
  path: Assets/Quirky Series Ultimate/Quirky Series Vol.1/Pets Vol.1/Models/Goldfish_LOD0.fbx
  artifactKey: Guid(4c984d92be6cf1c4cbc11b9ff254818b) Importer(815301076,1909f56bfc062723c751e8b465ee728b)
Number of updated assets reloaded before import = 0
Start importing Assets/Quirky Series Ultimate/Quirky Series Vol.1/Pets Vol.1/Models/Goldfish_LOD0.fbx using Guid(4c984d92be6cf1c4cbc11b9ff254818b) Importer(815301076,1909f56bfc062723c751e8b465ee728b)  -> (artifact id: '18bb06843c8bfb35b87f0323c0ca31cc') in 0.065735 seconds 
Number of asset objects unloaded after import = 28
========================================================================
Received Import Request.
  Time since last request: 0.000029 seconds.
  path: Assets/Quirky Series Ultimate/Quirky Series Vol.1/Pets Vol.1/Models/Dog_LOD3.fbx
  artifactKey: Guid(87dbbfd9f869786488c32d159c997b03) Importer(815301076,1909f56bfc062723c751e8b465ee728b)
Number of updated assets reloaded before import = 0
Start importing Assets/Quirky Series Ultimate/Quirky Series Vol.1/Pets Vol.1/Models/Dog_LOD3.fbx using Guid(87dbbfd9f869786488c32d159c997b03) Importer(815301076,1909f56bfc062723c751e8b465ee728b)  -> (artifact id: '3a0808003d290d34c8f69cb509021715') in 0.043834 seconds 
Number of asset objects unloaded after import = 36
========================================================================
Received Import Request.
  Time since last request: 0.000021 seconds.
  path: Assets/Quirky Series Ultimate/Quirky Series Vol.1/Pets Vol.1/Models/Pigeon_LOD0.fbx
  artifactKey: Guid(2f38c64fb34e1154e826ae1cba67ba24) Importer(815301076,1909f56bfc062723c751e8b465ee728b)
Number of updated assets reloaded before import = 0
Start importing Assets/Quirky Series Ultimate/Quirky Series Vol.1/Pets Vol.1/Models/Pigeon_LOD0.fbx using Guid(2f38c64fb34e1154e826ae1cba67ba24) Importer(815301076,1909f56bfc062723c751e8b465ee728b)  -> (artifact id: '186b8fd2407634ccf3b139489687d852') in 0.029507 seconds 
Number of asset objects unloaded after import = 32
========================================================================
Received Import Request.
  Time since last request: 0.000025 seconds.
  path: Assets/Quirky Series Ultimate/Quirky Series Vol.1/Pets Vol.1/Models/Rabbit_LOD3.fbx
  artifactKey: Guid(3fc1a037f346c7441b80614ac7cba644) Importer(815301076,1909f56bfc062723c751e8b465ee728b)
Number of updated assets reloaded before import = 0
Start importing Assets/Quirky Series Ultimate/Quirky Series Vol.1/Pets Vol.1/Models/Rabbit_LOD3.fbx using Guid(3fc1a037f346c7441b80614ac7cba644) Importer(815301076,1909f56bfc062723c751e8b465ee728b)  -> (artifact id: '9eef4c1645e5e681a55a75f716b32128') in 0.026444 seconds 
Number of asset objects unloaded after import = 30
========================================================================
Received Import Request.
  Time since last request: 5.245437 seconds.
  path: Assets/Quirky Series Ultimate/Quirky Series Vol.1/Pets Vol.1/Animations/Goldfish_Animations.fbx
  artifactKey: Guid(f9fd2d1a292ed5e4bab8b7c49e46db91) Importer(815301076,1909f56bfc062723c751e8b465ee728b)
Number of updated assets reloaded before import = 0
Start importing Assets/Quirky Series Ultimate/Quirky Series Vol.1/Pets Vol.1/Animations/Goldfish_Animations.fbx using Guid(f9fd2d1a292ed5e4bab8b7c49e46db91) Importer(815301076,1909f56bfc062723c751e8b465ee728b)  -> (artifact id: '5015a1629d83fd51328f5d3488baa531') in 0.038326 seconds 
Number of asset objects unloaded after import = 48
Editor requested this worker to shutdown with reason: Scaling down because of idle timeout
AssetImportWorker is now disconnected from the server
Process exiting
Exiting without the bug reporter. Application will terminate with return code 0